molecule_chembl_id,canonical_smiles,standard_value
CHEMBL404271,C[C@H]1O[C@H](O[C@@H]2[C@@H](CO)O[C@H](O[C@@H]3[C@@H](CO)OC(O)[C@H](O)[C@H]3O)[C@H](O)[C@H]2O)[C@H](O)[C@@H](O)[C@@H]1N[C@H]1C=C(CO)[C@@H](O)[C@H](O)[C@H]1O,442400.0
CHEMBL4162593,COc1cc(OC)c([C@@H](OC)[C@H](C)O)cc1OC,80600.0
CHEMBL3601736,O=C(C1=C(O)/C(=C/c2ccc(O)c(O)c2)CCC1)c1ccccc1,55.9
CHEMBL3601735,O=C(C1=C(O)/C(=C/c2ccc(O)cc2)CCC1)c1ccccc1,34.9
CHEMBL3601637,O=C(C1=C(O)/C(=C/c2cccc(O)c2)CCC1)c1ccccc1,43.2
CHEMBL50,O=c1c(O)c(-c2ccc(O)c(O)c2)oc2cc(O)cc(O)c12,83.6
CHEMBL4208759,O=C1/C(=C/c2ccccc2)CCC/C1=C\c1ccc(O)c(O)c1,90.7
CHEMBL4072055,O=C1/C(=C/c2ccccc2)CCC/C1=C\c1ccc(O)cc1,53.0
CHEMBL4212935,O=C1/C(=C/c2ccccc2)CCC/C1=C\c1cccc(O)c1,65.1
CHEMBL4209683,COc1cc(/C=C2\CCC/C(=C\c3ccccc3)C2=O)cc(OC)c1OC,16.3
CHEMBL4204199,COc1ccc(OC)c(/C=C2\CCC/C(=C\c3ccccc3)C2=O)c1,43.8
CHEMBL4216636,COc1ccc(/C=C2\CCC/C(=C\c3ccccc3)C2=O)c(OC)c1,41.0
CHEMBL4167411,COc1cccc(/C=C2\CCC/C(=C\c3ccccc3)C2=O)c1OC,31.8
CHEMBL4162803,COc1ccc(/C=C2\CCC/C(=C\c3ccccc3)C2=O)cc1,31.4
CHEMBL4202408,Cc1ccc(/C=C2\CCC/C(=C\c3ccccc3)C2=O)cc1,34.1
CHEMBL4217724,Cc1cccc(/C=C2\CCC/C(=C\c3ccccc3)C2=O)c1,47.9
CHEMBL4214990,O=C1/C(=C/c2ccccc2)CCC/C1=C\c1ccc(Br)cc1,29.1
CHEMBL4217760,O=C1/C(=C/c2ccccc2)CCC/C1=C\c1cccc(Br)c1,27.2
CHEMBL4205275,O=C1/C(=C/c2ccccc2)CCC/C1=C\c1ccccc1Br,46.8
CHEMBL4218160,O=C1/C(=C/c2ccccc2)CCC/C1=C\c1ccc(Cl)c(Cl)c1,48.4
CHEMBL4211867,O=C1/C(=C/c2ccccc2)CCC/C1=C\c1cccc(Cl)c1Cl,44.0
CHEMBL4203029,O=C1/C(=C/c2ccccc2)CCC/C1=C\c1ccc(Cl)cc1,27.6
CHEMBL4208101,O=C1/C(=C/c2ccccc2)CCC/C1=C\c1ccccc1Cl,43.0
CHEMBL4204411,O=C1/C(=C/c2ccccc2)CCC/C1=C\c1ccc(F)c(F)c1,37.8
CHEMBL4205013,O=C1/C(=C/c2ccccc2)CCC/C1=C\c1ccc(F)cc1,34.0
CHEMBL4216696,O=C1/C(=C/c2ccccc2)CCC/C1=C\c1cccc(F)c1,39.8
CHEMBL4209391,O=C1/C(=C/c2ccccc2)CCC/C1=C\c1ccccc1F,43.0
CHEMBL4203267,O=C(/C=C(O)/C=C/c1cccc(O)c1)c1ccccc1O,40.4
CHEMBL2332173,O=C(/C=C(O)/C=C/c1ccc(O)cc1)c1ccccc1O,20.4
CHEMBL4217611,O=C(/C=C(O)/C=C/c1ccc(O)cc1O)c1ccccc1O,61.2
CHEMBL2331563,O=C(/C=C(O)/C=C/c1ccc(O)c(O)c1)c1ccccc1O,93.6
CHEMBL4215150,O=C(/C=C(O)/C=C/c1cccc(O)c1)c1cc(Cl)ccc1O,62.4
CHEMBL4208282,O=C(/C=C(O)/C=C/c1ccc(O)cc1)c1cc(Cl)ccc1O,45.3
CHEMBL4216309,O=C(/C=C(O)/C=C/c1ccc(O)c(O)c1)c1cc(Cl)ccc1O,85.6
CHEMBL4213032,O=C(/C=C(O)/C=C/c1ccco1)c1cc(O)ccc1O,98.4
CHEMBL4212356,O=C(/C=C(O)/C=C/c1cc(O)ccc1O)c1cc(O)ccc1O,96.9
CHEMBL4208620,O=C(/C=C(O)/C=C/c1cc(O)ccc1O)c1ccc(O)cc1O,86.6
CHEMBL4212935,O=C1/C(=C/c2ccccc2)CCC/C1=C\c1cccc(O)c1,28400.0
CHEMBL4072055,O=C1/C(=C/c2ccccc2)CCC/C1=C\c1ccc(O)cc1,42300.0
CHEMBL4208759,O=C1/C(=C/c2ccccc2)CCC/C1=C\c1ccc(O)c(O)c1,20300.0
CHEMBL50,O=c1c(O)c(-c2ccc(O)c(O)c2)oc2cc(O)cc(O)c12,7800.0
CHEMBL3601736,O=C(C1=C(O)/C(=C/c2ccc(O)c(O)c2)CCC1)c1ccccc1,41000.0
CHEMBL4217611,O=C(/C=C(O)/C=C/c1ccc(O)cc1O)c1ccccc1O,40700.0
CHEMBL2331563,O=C(/C=C(O)/C=C/c1ccc(O)c(O)c1)c1ccccc1O,14300.0
CHEMBL4215150,O=C(/C=C(O)/C=C/c1cccc(O)c1)c1cc(Cl)ccc1O,36400.0
CHEMBL4216309,O=C(/C=C(O)/C=C/c1ccc(O)c(O)c1)c1cc(Cl)ccc1O,15100.0
CHEMBL4213032,O=C(/C=C(O)/C=C/c1ccco1)c1cc(O)ccc1O,14100.0
CHEMBL4212356,O=C(/C=C(O)/C=C/c1cc(O)ccc1O)c1cc(O)ccc1O,19600.0
CHEMBL4208620,O=C(/C=C(O)/C=C/c1cc(O)ccc1O)c1ccc(O)cc1O,20000.0
CHEMBL4203235,CO[C@@H]1OC(=O)C(Cc2ccc(O)c(CC=C(C)C)c2)=C1c1ccc(O)cc1,9980.0
CHEMBL4216866,CO[C@H]1OC(=O)C(Cc2ccc(O)c(CC=C(C)C)c2)=C1c1ccc(O)cc1,8650.0
CHEMBL4213599,CC1(C)CCc2cc(CC3=C(c4ccc(O)cc4)C(O)OC3=O)ccc2O1,13360.0
CHEMBL4070953,COC(=O)[C@@]1(O)OC(=O)C(Cc2ccc3c(c2)CCC(C)(C)O3)=C1c1ccc(O)cc1,10300.0
CHEMBL4079099,CC1(C)CCc2cc(CC3=C(c4ccc(O)cc4)[C@@](O)(C(=O)O)OC3=O)ccc2O1,7630.0
CHEMBL517026,COC(=O)[C@]1(Cc2ccc(O)c(CC=C(C)C)c2)OC(=O)C(O)=C1c1ccc(O)cc1,14180.0
CHEMBL3753562,COC(=O)[C@]1(Cc2ccc(O)cc2)OC(=O)C(O)=C1c1ccc(O)cc1,85130.0
CHEMBL4097120,CC1(C)CCc2cc(CC3OC(=O)C(O)=C3c3ccc(O)cc3)ccc2O1,11650.0
CHEMBL4068225,COC(=O)[C@]1(Cc2ccc3c(c2)CCC(C)(C)O3)OC(=O)C(O)=C1c1ccc(O)cc1,47330.0
CHEMBL2035562,COC(=O)[C@]1(Cc2ccc3c(c2)C[C@H](C(C)(C)O)O3)OC(=O)C(O)=C1c1ccc(O)cc1,400000.0
CHEMBL4213302,COC(=O)[C@]1(Cc2ccc3c(c2)C[C@@H](O)C(C)(C)O3)OC(=O)C(O)=C1c1ccc(O)cc1,110270.0
CHEMBL2337339,O=C1O/C(=C\c2ccc(O)cc2)C(O)=C1c1ccc(O)cc1,400000.0
CHEMBL404271,C[C@H]1O[C@H](O[C@@H]2[C@@H](CO)O[C@H](O[C@@H]3[C@@H](CO)OC(O)[C@H](O)[C@H]3O)[C@H](O)[C@H]2O)[C@H](O)[C@@H](O)[C@@H]1N[C@H]1C=C(CO)[C@@H](O)[C@H](O)[C@H]1O,320000.0
CHEMBL4202640,C=C(C)C(O)CC/C(C)=C/COc1ccc2oc3cc(O)cc(O)c3c(=O)c2c1,13000.0
CHEMBL4214309,CC(C)=CCC/C(C)=C/COc1cc2oc3ccc(O)cc3c(=O)c2c(O)c1CC=C(C)C,27200.0
CHEMBL4209191,CC(C)=CCC/C(C)=C/COc1ccc2oc3cc(O)cc(O)c3c(=O)c2c1,17700.0
CHEMBL4218731,COc1c(O)ccc2c(=O)c3c(O)cc4c(c3oc12)C(C)(C)C(CO)O4,33900.0
CHEMBL4217516,COc1c(O)cc2oc3cc(O)c(CCC(C)(C)O)c(O)c3c(=O)c2c1CC=C(C)C,25100.0
CHEMBL260553,CC(C)=CCc1c(O)cc2oc3cc(O)c(O)c(CC=C(C)C)c3c(=O)c2c1O,1400.0
CHEMBL323197,COc1c(O)cc2oc3cc(O)c(CC=C(C)C)c(O)c3c(=O)c2c1CC=C(C)C,7300.0
CHEMBL1782240,CC(C)=CCc1c(O)c(CC=C(C)C)c2oc3ccc(O)cc3c(=O)c2c1O,19200.0
CHEMBL1782241,CC(C)=CCC/C(C)=C/Cc1c(O)c(CC=C(C)C)c(O)c2c(=O)c3cc(O)ccc3oc12,13400.0
CHEMBL4211682,C=C(C)C(O)Cc1c(O)c(C/C=C(\C)CCC=C(C)C)c2oc3ccc(O)cc3c(=O)c2c1O,4200.0
CHEMBL4203265,C=C(CCC=C(C)C)C(O)Cc1c(O)c(CC=C(C)C)c(O)c2c(=O)c3cc(O)ccc3oc12,8200.0
CHEMBL4208135,CC(C)=CCCC(C)(O)C1Cc2c(c(CC=C(C)C)c(O)c3c(=O)c4cc(O)ccc4oc23)O1,9900.0
CHEMBL307429,OC[C@H]1NC[C@H](O)[C@@H](O)[C@@H]1O,39500.0
CHEMBL4202640,C=C(C)C(O)CC/C(C)=C/COc1ccc2oc3cc(O)cc(O)c3c(=O)c2c1,13700.0
CHEMBL4214309,CC(C)=CCC/C(C)=C/COc1cc2oc3ccc(O)cc3c(=O)c2c(O)c1CC=C(C)C,28400.0
CHEMBL4209191,CC(C)=CCC/C(C)=C/COc1ccc2oc3cc(O)cc(O)c3c(=O)c2c1,20600.0
CHEMBL4218731,COc1c(O)ccc2c(=O)c3c(O)cc4c(c3oc12)C(C)(C)C(CO)O4,72700.0
CHEMBL4217516,COc1c(O)cc2oc3cc(O)c(CCC(C)(C)O)c(O)c3c(=O)c2c1CC=C(C)C,30700.0
CHEMBL260553,CC(C)=CCc1c(O)cc2oc3cc(O)c(O)c(CC=C(C)C)c3c(=O)c2c1O,1700.0
CHEMBL323197,COc1c(O)cc2oc3cc(O)c(CC=C(C)C)c(O)c3c(=O)c2c1CC=C(C)C,5700.0
CHEMBL1782240,CC(C)=CCc1c(O)c(CC=C(C)C)c2oc3ccc(O)cc3c(=O)c2c1O,25500.0
CHEMBL1782241,CC(C)=CCC/C(C)=C/Cc1c(O)c(CC=C(C)C)c(O)c2c(=O)c3cc(O)ccc3oc12,17400.0
CHEMBL4211682,C=C(C)C(O)Cc1c(O)c(C/C=C(\C)CCC=C(C)C)c2oc3ccc(O)cc3c(=O)c2c1O,4800.0
CHEMBL4203265,C=C(CCC=C(C)C)C(O)Cc1c(O)c(CC=C(C)C)c(O)c2c(=O)c3cc(O)ccc3oc12,10100.0
CHEMBL4208135,CC(C)=CCCC(C)(O)C1Cc2c(c(CC=C(C)C)c(O)c3c(=O)c4cc(O)ccc4oc23)O1,16100.0
CHEMBL4211682,C=C(C)C(O)Cc1c(O)c(C/C=C(\C)CCC=C(C)C)c2oc3ccc(O)cc3c(=O)c2c1O,6600.0
CHEMBL404271,C[C@H]1O[C@H](O[C@@H]2[C@@H](CO)O[C@H](O[C@@H]3[C@@H](CO)OC(O)[C@H](O)[C@H]3O)[C@H](O)[C@H]2O)[C@H](O)[C@@H](O)[C@@H]1N[C@H]1C=C(CO)[C@@H](O)[C@H](O)[C@H]1O,101500.0
CHEMBL3609760,Cc1cc(O)cc(O)c1C(=O)O[C@]1(C)C(=O)C=C2C=C(/C=C/CO)OC=C2C1=O,200000.0
CHEMBL1823114,C/C=C/C1=CC2=CC(=O)[C@@](C)(OC(=O)c3c(C)cc(O)cc3O)C(=O)C2=CO1,200000.0
CHEMBL2011648,C/C=C/C1=CC2=CC(=O)[C@@](C)(O)[C@@H](OC(=O)c3c(C)cc(O)cc3O)[C@@H]2CO1,200000.0
CHEMBL2011647,Cc1cc(O)cc(O)c1C(=O)O[C@H]1[C@@H]2COC(/C=C/CO)=CC2=CC(=O)[C@@]1(C)O,200000.0
CHEMBL4203057,Cc1cc(O)cc(O)c1C(=O)O[C@H]1[C@@H]2COC(/C=C/C(=O)O)=CC2=CC(=O)[C@@]1(C)O,200000.0
CHEMBL4207941,Cc1cc(O)cc(O)c1C(=O)O[C@H]1C2=COC(/C=C/CO)=CC2=CC(=O)[C@@]1(C)O,200000.0
CHEMBL4206469,COC(OC)C1=CC2=CC(=O)[C@@](C)(O)[C@@H](OC(=O)c3c(C)cc(O)cc3O)[C@@H]2CO1,200000.0
CHEMBL4211349,COC(=O)C1=CC2=CC(=O)[C@@](C)(O)[C@@H](OC(=O)c3c(C)cc(O)cc3O)[C@@H]2CO1,200000.0
CHEMBL4210842,COC(=O)CCC1=CC2=CC(=O)[C@@](C)(O)[C@@H](OC(=O)c3c(C)cc(O)cc3O)[C@@H]2CO1,200000.0
CHEMBL4215785,Cc1cc(O)cc(O)c1C(=O)O[C@H]1[C@@H]2COC(/C=C/C=O)=CC2=CC(=O)[C@@]1(C)O,22900.0
CHEMBL4214649,Cc1cc(O)cc(O)c1C(=O)O[C@H]1[C@@H]2COC(/C=C/[C@H](C)O)=CC2=CC(=O)[C@@]1(C)O,78600.0
CHEMBL4216316,CCCOc1ccc(-c2cc(OC)c(-c3ccc(O)cc3)c(O)c2OC)cc1,10000.0
CHEMBL4213889,CCCOc1ccc(-c2c(OC)cc(-c3ccc(O)cc3)c(OC)c2O)cc1,12300.0
CHEMBL4218824,CCCOc1c(OC)c(-c2ccc(O)cc2)cc(OC)c1-c1ccc(O)cc1,19300.0
CHEMBL4216906,CCCOc1ccc(-c2cc(OC)c(-c3ccc(O)cc3)c(OCCC)c2OC)cc1,8690.0
CHEMBL4209580,CCCOc1ccc(-c2c(OC)cc(-c3ccc(O)cc3)c(OC)c2OCCC)cc1,10700.0
CHEMBL4213017,COc1cc(-c2ccc(OCCBr)cc2)c(OC)c(O)c1-c1ccc(O)cc1,16100.0
CHEMBL4208107,COc1cc(-c2ccc(O)cc2)c(OC)c(O)c1-c1ccc(OCCBr)cc1,18000.0
CHEMBL4217433,COc1cc(-c2ccc(O)cc2)c(OC)c(OCCBr)c1-c1ccc(O)cc1,18800.0
CHEMBL4204289,COc1cc(-c2ccc(OCCBr)cc2)c(OC)c(OCCBr)c1-c1ccc(O)cc1,6670.0
CHEMBL4205623,COc1cc(-c2ccc(OCCC(C)C)cc2)c(OC)c(O)c1-c1ccc(O)cc1,14300.0
CHEMBL4210494,COc1cc(-c2ccc(O)cc2)c(OC)c(OCCC(C)C)c1-c1ccc(O)cc1,8580.0
CHEMBL4217851,C=CCOc1ccc(-c2cc(OC)c(-c3ccc(O)cc3)c(O)c2OC)cc1,26500.0
CHEMBL4206131,C=CCOc1ccc(-c2c(OC)cc(-c3ccc(O)cc3)c(OC)c2O)cc1,32200.0
CHEMBL4213451,C=CCOc1c(OC)c(-c2ccc(O)cc2)cc(OC)c1-c1ccc(O)cc1,83800.0
CHEMBL4209056,C=CCOc1ccc(-c2cc(OC)c(-c3ccc(O)cc3)c(OCC=C)c2OC)cc1,8770.0
CHEMBL4204714,COc1cc(-c2ccc(OCC=C(C)C)cc2)c(OC)c(O)c1-c1ccc(O)cc1,20100.0
CHEMBL4209575,COc1cc(-c2ccc(O)cc2)c(OC)c(O)c1-c1ccc(OCC=C(C)C)cc1,17500.0
CHEMBL4206708,COc1cc(-c2ccc(O)cc2)c(OC)c(OCC=C(C)C)c1-c1ccc(O)cc1,23400.0
CHEMBL4218969,COc1cc(-c2ccc(OCC=C(C)C)cc2)c(OC)c(OCC=C(C)C)c1-c1ccc(O)cc1,53100.0
CHEMBL4215507,C#CCOc1ccc(-c2cc(OC)c(-c3ccc(O)cc3)c(OCC#C)c2OC)cc1,20100.0
CHEMBL4211086,COc1cc(-c2ccc(OCc3ccccc3)cc2)c(OC)c(O)c1-c1ccc(O)cc1,12500.0
CHEMBL4206199,COc1cc(-c2ccc(O)cc2)c(OC)c(O)c1-c1ccc(OCc2ccccc2)cc1,12500.0
CHEMBL4207664,COc1cc(-c2ccc(O)cc2)c(OC)c(OCc2ccccc2)c1-c1ccc(O)cc1,19100.0
CHEMBL4202793,COc1cc(-c2ccc(OCc3ccc(-c4ccccc4)cc3)cc2)c(OC)c(O)c1-c1ccc(O)cc1,12200.0
CHEMBL4210289,COc1cc(-c2ccc(O)cc2)c(OC)c(OC(=O)c2ccco2)c1-c1ccc(O)cc1,35400.0
CHEMBL307429,OC[C@H]1NC[C@H](O)[C@@H](O)[C@@H]1O,192000.0
CHEMBL404271,C[C@H]1O[C@H](O[C@@H]2[C@@H](CO)O[C@H](O[C@@H]3[C@@H](CO)OC(O)[C@H](O)[C@H]3O)[C@H](O)[C@H]2O)[C@H](O)[C@@H](O)[C@@H]1N[C@H]1C=C(CO)[C@@H](O)[C@H](O)[C@H]1O,707900.0
CHEMBL1795466,COc1cc(-c2ccc(O)cc2)c(OC)c(O)c1-c1ccc(O)cc1,4790.0
CHEMBL1795467,COc1cc(-c2ccc(O)c(O)c2)c(OC)c(O)c1-c1ccc(O)c(O)c1,14000.0
CHEMBL1795465,COc1cc(-c2ccc(O)cc2)c(OC)c(O)c1-c1ccc(O)c(O)c1,11300.0
CHEMBL1951870,COc1cc(-c2ccccc2)c(OC)c(O)c1-c1ccc(O)cc1,108200.0
CHEMBL1795464,COc1cc(-c2ccc(O)cc2)c(OC)c(O)c1-c1ccc(O)c(CC=C(C)C)c1,25700.0
CHEMBL4207509,O=C1C=C(c2ccc(O)cc2)C(=O)C(O)=C1c1ccc(O)cc1,22700.0
CHEMBL4206986,COc1cc(-c2ccc(O)cc2)c(O)c(O)c1-c1ccc(O)cc1,13200.0
CHEMBL4211872,COc1c(Br)c(-c2ccc(O)cc2)c(OC)c(O)c1-c1ccc(O)cc1,7140.0
CHEMBL4211347,COc1c(Cl)c(-c2ccc(O)cc2)c(OC)c(O)c1-c1ccc(O)cc1,31300.0
CHEMBL1795466,COc1cc(-c2ccc(O)cc2)c(OC)c(O)c1-c1ccc(O)cc1,1500.0
CHEMBL4210494,COc1cc(-c2ccc(O)cc2)c(OC)c(OCCC(C)C)c1-c1ccc(O)cc1,3450.0
CHEMBL4238409,CCC1NC(CC)C(O)C(O)C1O,10000.0
CHEMBL4237960,Nc1ccn(C2OC(CO)[C@@H](O)[C@H]2O)c(=O)n1,2500.0
CHEMBL4287862,O=C1NC(=O)/C(=C/c2cc(Cl)ccc2OCN2C(=O)c3ccccc3C2=O)S1,100000.0
CHEMBL4277622,O=C1NC(=O)/C(=C/c2ccc(OCN3C(=O)c4ccccc4C3=O)c([N+](=O)[O-])c2)S1,22480.0
CHEMBL4285567,COc1cc(/C=C2\SC(=O)NC2=O)cc(OC)c1OCN1C(=O)c2ccccc2C1=O,100000.0
CHEMBL4294667,COc1cccc(/C=C2\SC(=O)NC2=O)c1OCN1C(=O)c2ccccc2C1=O,100000.0
CHEMBL4284072,O=C1NC(=O)/C(=C/c2ccc(OCN3C(=O)c4ccccc4C3=O)cc2)S1,25600.0
CHEMBL4279517,O=C1NC(=O)/C(=C/c2ccccc2OCN2C(=O)c3ccccc3C2=O)S1,100000.0
CHEMBL4287437,O=C1NC(=O)/C(=C/c2cccc(OCN3C(=O)c4ccccc4C3=O)c2)S1,100000.0
CHEMBL4287854,CCOc1cc(/C=C2\SC(=O)NC2=O)ccc1OCN1C(=O)c2ccccc2C1=O,29260.0
CHEMBL4277201,COc1cc(/C=C2\SC(=O)NC2=O)ccc1OCN1C(=O)c2ccccc2C1=O,35140.0
CHEMBL4277205,O=C1NC(=O)/C(=C/c2cc([N+](=O)[O-])ccc2OCN2C(=O)c3ccccc3C2=O)S1,50450.0
CHEMBL4291262,O=C1NC(=O)/C(=C/c2ccc(OCN3C(=O)c4ccccc4C3=O)c(Cl)c2)S1,20950.0
CHEMBL4280619,COc1cc(/C=C2\SC(=S)NC2=O)ccc1OCN1C(=O)c2ccccc2C1=O,16110.0
CHEMBL4281051,CCOc1cc(/C=C2\SC(=S)NC2=O)ccc1OCN1C(=O)c2ccccc2C1=O,7720.0
CHEMBL4288954,O=C1NC(=S)S/C1=C\c1cccc(OCN2C(=O)c3ccccc3C2=O)c1,33980.0
CHEMBL4284460,O=C1NC(=S)S/C1=C\c1ccccc1OCN1C(=O)c2ccccc2C1=O,100000.0
CHEMBL4292355,O=C1NC(=S)S/C1=C\c1ccc(OCN2C(=O)c3ccccc3C2=O)cc1,7910.0
CHEMBL4292747,COc1cccc(/C=C2\SC(=S)NC2=O)c1OCN1C(=O)c2ccccc2C1=O,100000.0
CHEMBL4282143,COc1cc(/C=C2\SC(=S)NC2=O)cc(OC)c1OCN1C(=O)c2ccccc2C1=O,39810.0
CHEMBL4294091,O=C1NC(=S)S/C1=C\c1ccc(OCN2C(=O)c3ccccc3C2=O)c([N+](=O)[O-])c1,6590.0
CHEMBL4286187,O=C1NC(=S)S/C1=C\c1cc(Cl)ccc1OCN1C(=O)c2ccccc2C1=O,34820.0
CHEMBL4278947,O=C1NC(=S)S/C1=C\c1cc([N+](=O)[O-])ccc1OCN1C(=O)c2ccccc2C1=O,35790.0
CHEMBL4289618,O=C1NC(=S)S/C1=C\c1ccc(OCN2C(=O)c3ccccc3C2=O)c(Cl)c1,5440.0
CHEMBL404271,C[C@H]1O[C@H](O[C@@H]2[C@@H](CO)O[C@H](O[C@@H]3[C@@H](CO)OC(O)[C@H](O)[C@H]3O)[C@H](O)[C@H]2O)[C@H](O)[C@@H](O)[C@@H]1N[C@H]1C=C(CO)[C@@H](O)[C@H](O)[C@H]1O,817380.0
CHEMBL4085739,CCCCC[C@H]1NC[C@@H](O)[C@@H](O)[C@H]1CO,100000.0
CHEMBL4281031,C[C@H]1NC[C@@H](O)[C@@H](O)[C@H]1CO,100000.0
CHEMBL4288931,CCCCCCCCC[C@H]1NC[C@@H](O)[C@@H](O)[C@H]1CO,100000.0
CHEMBL4538427,O=c1cc(-c2nn(C(Nc3ccc(NC(c4ccc(F)cc4)n4nc(-c5cc6ccccc6oc5=O)oc4=S)cc3)c3ccc(F)cc3)c(=S)o2)c2ccccc2o1,70.0
CHEMBL4574481,O=c1cc(-c2nn(C(Nc3ccc(-c4ccc(NC(c5ccc(Cl)cc5)n5nc(-c6cc7ccccc7oc6=O)oc5=S)cc4)cc3)c3ccc(Cl)cc3)c(=S)o2)c2ccccc2o1,70.0
CHEMBL4552230,O=c1cc(-c2nn(C(Nc3ccc(-c4ccc(NC(c5ccc(Br)cc5)n5nc(-c6cc7ccccc7oc6=O)oc5=S)cc4)cc3)c3ccc(Br)cc3)c(=S)o2)c2ccccc2o1,70.0
CHEMBL4451108,O=c1cc(-c2nn(C(Nc3ccc(-c4ccc(NC(c5ccc([N+](=O)[O-])cc5)n5nc(-c6cc7ccccc7oc6=O)oc5=S)cc4)cc3)c3ccc([N+](=O)[O-])cc3)c(=S)o2)c2ccccc2o1,70.0
CHEMBL4461780,O=c1cc(-c2nn(C(Nc3ccc(-c4ccc(NC(c5cccc(Cl)c5)n5nc(-c6cc7ccccc7oc6=O)oc5=S)cc4)cc3)c3cccc(Cl)c3)c(=S)o2)c2ccccc2o1,70.0
CHEMBL4466971,O=c1cc(-c2nn(C(Nc3ccc(-c4ccc(NC(c5cccc(Br)c5)n5nc(-c6cc7ccccc7oc6=O)oc5=S)cc4)cc3)c3cccc(Br)c3)c(=S)o2)c2ccccc2o1,70.0
CHEMBL4448033,O=c1cc(-c2nn(C(Nc3ccc(-c4ccc(NC(c5ccc(Cl)cc5Cl)n5nc(-c6cc7ccccc7oc6=O)oc5=S)cc4)cc3)c3ccc(Cl)cc3Cl)c(=S)o2)c2ccccc2o1,70.0
CHEMBL4448529,Cc1ccc(C(Nc2ccc(-c3ccc(NC(c4ccc(C)cc4)n4nc(-c5cc(=O)oc6ccccc56)oc4=S)cc3)cc2)n2nc(-c3cc4ccccc4oc3=O)oc2=S)cc1,70.0
CHEMBL4467305,CN(C)c1ccc(C(Nc2ccc(-c3ccc(NC(c4ccc(N(C)C)cc4)n4nc(-c5cc(=O)oc6ccccc56)oc4=S)cc3)cc2)n2nc(-c3cc4ccccc4oc3=O)oc2=S)cc1,70.0
CHEMBL4461882,COc1cccc(C(Nc2ccc(-c3ccc(NC(c4cccc(OC)c4)n4nc(-c5cc(=O)oc6ccccc56)oc4=S)cc3)cc2)n2nc(-c3cc4ccccc4oc3=O)oc2=S)c1,70.0
CHEMBL4464119,O=c1oc2ccccc2cc1-c1nn(C(Nc2ccc(Oc3ccc(NC(c4ccc(Cl)cc4)n4nc(-c5cc6ccccc6oc5=O)oc4=S)cc3)cc2)c2ccc(Cl)cc2)c(=S)o1,70.0
CHEMBL4449167,O=c1cc(-c2nn(C(Nc3ccc(NC(c4ccc(Cl)cc4)n4nc(-c5cc6ccccc6oc5=O)oc4=S)cc3)c3ccc(Cl)cc3)c(=S)o2)c2ccccc2o1,70.0
CHEMBL4549137,O=c1oc2ccccc2cc1-c1nn(C(Nc2ccc(Oc3ccc(NC(c4ccc(Br)cc4)n4nc(-c5cc6ccccc6oc5=O)oc4=S)cc3)cc2)c2ccc(Br)cc2)c(=S)o1,70.0
CHEMBL4468520,O=c1oc2ccccc2cc1-c1nn(C(Nc2ccc(Oc3ccc(NC(c4ccc([N+](=O)[O-])cc4)n4nc(-c5cc6ccccc6oc5=O)oc4=S)cc3)cc2)c2ccc([N+](=O)[O-])cc2)c(=S)o1,70.0
CHEMBL4453742,O=c1oc2ccccc2cc1-c1nn(C(Nc2ccc(Oc3ccc(NC(c4ccc(Cl)cc4Cl)n4nc(-c5cc6ccccc6oc5=O)oc4=S)cc3)cc2)c2ccc(Cl)cc2Cl)c(=S)o1,70.0
CHEMBL4547928,Cc1ccc(C(Nc2ccc(Oc3ccc(NC(c4ccc(C)cc4)n4nc(-c5cc6ccccc6oc5=O)oc4=S)cc3)cc2)n2nc(-c3cc4ccccc4oc3=O)oc2=S)cc1,70.0
CHEMBL4549180,CN(C)c1ccc(C(Nc2ccc(Oc3ccc(NC(c4ccc(N(C)C)cc4)n4nc(-c5cc6ccccc6oc5=O)oc4=S)cc3)cc2)n2nc(-c3cc4ccccc4oc3=O)oc2=S)cc1,70.0
CHEMBL4551617,O=c1cc(-c2nn(C(Nc3ccc(NC(c4ccc([N+](=O)[O-])cc4)n4nc(-c5cc6ccccc6oc5=O)oc4=S)cc3)c3ccc([N+](=O)[O-])cc3)c(=S)o2)c2ccccc2o1,70.0
CHEMBL4535608,O=c1cc(-c2nn(C(Nc3ccc(NC(c4cccc(Cl)c4)n4nc(-c5cc6ccccc6oc5=O)oc4=S)cc3)c3cccc(Cl)c3)c(=S)o2)c2ccccc2o1,70.0
CHEMBL4459113,O=c1cc(-c2nn(C(Nc3ccc(NC(c4cccc(Br)c4)n4nc(-c5cc6ccccc6oc5=O)oc4=S)cc3)c3cccc(Br)c3)c(=S)o2)c2ccccc2o1,70.0
CHEMBL4438224,O=c1cc(-c2nn(C(Nc3ccc(NC(c4ccc(Cl)cc4Cl)n4nc(-c5cc6ccccc6oc5=O)oc4=S)cc3)c3ccc(Cl)cc3Cl)c(=S)o2)c2ccccc2o1,70.0
CHEMBL4468873,Cc1ccc(C(Nc2ccc(NC(c3ccc(C)cc3)n3nc(-c4cc(=O)oc5ccccc45)oc3=S)cc2)n2nc(-c3cc4ccccc4oc3=O)oc2=S)cc1,70.0
CHEMBL4533762,CN(C)c1ccc(C(Nc2ccc(NC(c3ccc(N(C)C)cc3)n3nc(-c4cc(=O)oc5ccccc45)oc3=S)cc2)n2nc(-c3cc4ccccc4oc3=O)oc2=S)cc1,70.0
CHEMBL4513326,COc1cccc(C(Nc2ccc(NC(c3cccc(OC)c3)n3nc(-c4cc(=O)oc5ccccc45)oc3=S)cc2)n2nc(-c3cc4ccccc4oc3=O)oc2=S)c1,70.0
CHEMBL4448264,O=c1oc2ccccc2cc1-c1nn(C(Nc2ccc(Oc3ccc(NC(c4cccc(Br)c4)n4nc(-c5cc6ccccc6oc5=O)oc4=S)cc3)cc2)c2cccc(Br)c2)c(=S)o1,70.0
CHEMBL4531264,Nc1c(C(c2ccccc2)c2c(N)c3ccccc3oc2=O)c(=O)oc2ccccc12,20000.0
CHEMBL4556172,Nc1c(C(c2ccc([N+](=O)[O-])cc2)c2c(N)c3ccccc3oc2=O)c(=O)oc2ccccc12,20000.0
CHEMBL4521721,COc1cc(C(c2c(N)c3ccccc3oc2=O)c2c(N)c3ccccc3oc2=O)cc(Cl)c1O,20000.0
CHEMBL4462160,COc1cc(C(c2c(N)c3ccccc3oc2=O)c2c(N)c3ccccc3oc2=O)cc(Br)c1O,20000.0
CHEMBL4570923,Nc1c(C(c2ccccc2F)c2c(N)c3ccccc3oc2=O)c(=O)oc2ccccc12,20000.0
CHEMBL4470944,Nc1c(C(c2ccccc2Cl)c2c(N)c3ccccc3oc2=O)c(=O)oc2ccccc12,20000.0
CHEMBL4465720,Nc1c(C(c2cccc(F)c2)c2c(N)c3ccccc3oc2=O)c(=O)oc2ccccc12,20000.0
CHEMBL4458754,Nc1c(C(c2cccc(Cl)c2)c2c(N)c3ccccc3oc2=O)c(=O)oc2ccccc12,20000.0
CHEMBL4569072,Nc1c(C(c2cccc(Br)c2)c2c(N)c3ccccc3oc2=O)c(=O)oc2ccccc12,20000.0
CHEMBL4521652,Cc1cccc(C(c2c(N)c3ccccc3oc2=O)c2c(N)c3ccccc3oc2=O)c1,20000.0
CHEMBL4472698,COc1cccc(C(c2c(N)c3ccccc3oc2=O)c2c(N)c3ccccc3oc2=O)c1,20000.0
CHEMBL4468008,Nc1c(C(c2ccc(O)cc2)c2c(N)c3ccccc3oc2=O)c(=O)oc2ccccc12,20000.0
CHEMBL4459976,Cc1ccc(C(c2c(N)c3ccccc3oc2=O)c2c(N)c3ccccc3oc2=O)cc1,20000.0
CHEMBL4459976,Cc1ccc(C(c2c(N)c3ccccc3oc2=O)c2c(N)c3ccccc3oc2=O)cc1,22000.0
CHEMBL4456026,O=C(N/N=C/c1ccccc1)c1cc2ccccc2oc1=O,1100.0
CHEMBL4450733,O=C(N/N=C/c1cccc(F)c1)c1cc2ccccc2oc1=O,1100.0
CHEMBL3590410,O=C(N/N=C/c1ccc([N+](=O)[O-])cc1)c1cc2ccccc2oc1=O,1100.0
CHEMBL4545537,O=C(N/N=C/c1ccc(F)cc1)c1cc2ccccc2oc1=O,1100.0
CHEMBL4475749,COc1ccc(/C=N/NC(=O)c2cc3ccccc3oc2=O)c(O)c1,1100.0
CHEMBL4473968,Cc1ccccc1/C=N/NC(=O)c1cc2ccccc2oc1=O,1100.0
CHEMBL4474453,COc1ccc(O)c(/C=N/NC(=O)c2cc3ccccc3oc2=O)c1,1100.0
CHEMBL4590536,Cc1cccc(/C=N/NC(=O)c2cc3ccccc3oc2=O)c1,1100.0
CHEMBL4566850,Cc1ccc(/C=N/NC(=O)c2cc3ccccc3oc2=O)cc1,1100.0
CHEMBL4558252,O=C(N/N=C/c1ccccc1O)c1cc2ccccc2oc1=O,1100.0
CHEMBL4165370,COc1ccc(/C=N/NC(=O)c2cc3ccccc3oc2=O)cc1,1100.0
CHEMBL4447231,O=C(N/N=C/c1ccccn1)c1cc2ccccc2oc1=O,1100.0
CHEMBL4161936,O=C(N/N=C/c1ccc(O)cc1O)c1cc2ccccc2oc1=O,1100.0
CHEMBL4176304,O=C(N/N=C/c1ccncc1)c1cc2ccccc2oc1=O,1100.0
CHEMBL4461307,O=C(N/N=C/c1ccccc1F)c1cc2ccccc2oc1=O,1100.0
CHEMBL4549420,O=C(N/N=C/c1ccccc1[N+](=O)[O-])c1cc2ccccc2oc1=O,1100.0
CHEMBL4532196,O=C(N/N=C/c1cccc(O)c1O)c1cc2ccccc2oc1=O,1100.0
CHEMBL4470451,CCn1c2ccccc2c2cc(NC(=O)CSc3nc4ccccc4[nH]3)ccc21,170.0
CHEMBL4466503,O=C(N/N=C/c1cc(O)c(O)c(O)c1)c1cc2ccccc2[nH]1,2300.0
CHEMBL4475632,Cn1cc(-c2nnc(-c3ccc(C(c4c[nH]c5ccc(C#N)cc45)c4c[nH]c5ccc(C#N)cc45)cc3)o2)c2ccccc21,20000.0
CHEMBL4554161,Cn1cc(-c2nnc(-c3ccc(C(c4c[nH]c5ccccc45)c4c[nH]c5ccccc45)cc3)o2)c2ccccc21,20000.0
CHEMBL4468782,c1ccc2c(-c3nnc(-c4ccc(C(c5c[nH]c6ccccc56)c5c[nH]c6ccccc56)cc4)o3)c[nH]c2c1,20000.0
CHEMBL4590046,Cc1[nH]c2ccccc2c1-c1nnc(-c2ccc(C(c3c[nH]c4ccccc34)c3c[nH]c4ccccc34)cc2)o1,20000.0
CHEMBL4584797,Cc1c(C(c2ccc(-c3nnc(-c4cn(C)c5ccccc45)o3)cc2)c2c(C)n(C)c3ccccc23)c2ccccc2n1C,20000.0
CHEMBL4587284,Cc1[nH]c2ccccc2c1-c1nnc(-c2ccc(C(c3c(C)n(C)c4ccccc34)c3c(C)n(C)c4ccccc34)cc2)o1,20000.0
CHEMBL4541097,Cc1c(C(c2ccc(-c3nnc(-c4c[nH]c5ccccc45)o3)cc2)c2c(C)n(C)c3ccccc23)c2ccccc2n1C,20000.0
CHEMBL4472054,Cn1cc(-c2nnc(-c3ccc(C(c4c[nH]c5ccc(Cl)cc45)c4c[nH]c5ccc(Cl)cc45)cc3)o2)c2ccccc21,20000.0
CHEMBL4475117,Cc1[nH]c2ccccc2c1-c1nnc(-c2ccc(C(c3c[nH]c4ccc(Cl)cc34)c3c[nH]c4ccc(Cl)cc34)cc2)o1,20000.0
CHEMBL4447911,Clc1ccc2[nH]cc(C(c3ccc(-c4nnc(-c5c[nH]c6ccccc56)o4)cc3)c3c[nH]c4ccc(Cl)cc34)c2c1,20000.0
CHEMBL4468287,Cn1cc(-c2nnc(-c3ccc(C(c4c[nH]c5ccc(Br)cc45)c4c[nH]c5ccc(Br)cc45)cc3)o2)c2ccccc21,20000.0
CHEMBL4451317,N#Cc1ccc2[nH]cc(C(c3ccc(-c4nnc(-c5c[nH]c6ccccc56)o4)cc3)c3c[nH]c4ccc(C#N)cc34)c2c1,20000.0
CHEMBL4454670,Cc1[nH]c2ccccc2c1-c1nnc(-c2ccc(C(c3c[nH]c4ccc(Br)cc34)c3c[nH]c4ccc(Br)cc34)cc2)o1,20000.0
CHEMBL4569769,Cc1[nH]c2ccccc2c1-c1nnc(-c2ccc(C(c3c[nH]c4ccc(C#N)cc34)c3c[nH]c4ccc(C#N)cc34)cc2)o1,20000.0
CHEMBL4578211,Cn1cc(-c2nnc(-c3ccc(C(c4cn(C)c5ccccc45)c4cn(C)c5ccccc45)cc3)o2)c2ccccc21,20000.0
CHEMBL4440810,Cc1[nH]c2ccccc2c1-c1nnc(-c2ccc(C(c3cn(C)c4ccccc34)c3cn(C)c4ccccc34)cc2)o1,20000.0
CHEMBL4574530,Cn1cc(C(c2ccc(-c3nnc(-c4c[nH]c5ccccc45)o3)cc2)c2cn(C)c3ccccc23)c2ccccc21,20000.0
CHEMBL4483090,c1ccc(-c2[nH]c3ccccc3c2C(c2ccc(-c3nnc(-c4c[nH]c5ccccc45)o3)cc2)c2c(-c3ccccc3)[nH]c3ccccc23)cc1,20000.0
CHEMBL4544255,Cn1cc(-c2nnc(-c3ccc(C(c4c(-c5ccccc5)[nH]c5ccccc45)c4c(-c5ccccc5)[nH]c5ccccc45)cc3)o2)c2ccccc21,20000.0
CHEMBL4555132,Cc1[nH]c2ccccc2c1-c1nnc(-c2ccc(C(c3c(-c4ccccc4)[nH]c4ccccc34)c3c(-c4ccccc4)[nH]c4ccccc34)cc2)o1,20000.0
CHEMBL4473640,Cn1cc(-c2nnc(-c3ccc(C(c4c[nH]c5ccccc45)c4c[nH]c5ccc(Cl)cc45)cc3)o2)c2ccccc21,2000.0
CHEMBL4464394,O=C(C[C@@H](c1ccccc1)c1c[nH]c2ccccc12)c1ccccc1,4300.0
CHEMBL4556170,O=C(C[C@@H](c1ccc(Cl)cc1Cl)c1c[nH]c2ccccc12)c1ccccc1,4300.0
CHEMBL4474603,Cc1cccc([C@H](CC(=O)c2ccccc2)c2c[nH]c3ccccc23)c1,4300.0
CHEMBL4539984,O=C(C[C@@H](c1cccs1)c1c[nH]c2ccccc12)c1ccc2ccccc2c1,4300.0
CHEMBL4520965,O=C(C[C@@H](c1cccc([N+](=O)[O-])c1)c1c[nH]c2ccccc12)c1ccccc1,4300.0
CHEMBL4557896,O=C(C[C@@H](c1ccc(Br)cc1)c1c[nH]c2ccccc12)c1ccccc1,4300.0
CHEMBL4472506,O=C(C[C@@H](c1cccc(Br)c1)c1c[nH]c2ccccc12)c1ccccc1,4300.0
CHEMBL4473090,O=C(C[C@@H](c1ccc(Cl)cc1)c1c[nH]c2ccccc12)c1ccc2ccccc2c1,4300.0
CHEMBL4590962,Cc1ccc([C@H](CC(=O)c2ccccc2)c2c[nH]c3ccccc23)cc1,4300.0
CHEMBL4525900,COc1ccc([C@H](CC(=O)c2ccccc2)c2c[nH]c3ccccc23)cc1,4300.0
CHEMBL4441979,COc1ccc([C@H](CC(=O)c2ccc3ccccc3c2)c2c[nH]c3ccccc23)cc1,4300.0
CHEMBL4439503,O=C(C[C@@H](c1ccccc1)c1c[nH]c2ccccc12)c1ccc2ccccc2c1,4300.0
CHEMBL4513806,O=C(C[C@@H](c1ccc(Cl)cc1)c1c[nH]c2ccccc12)c1ccccc1,4300.0
CHEMBL4440152,Cc1ccc([C@H](CC(=O)c2ccc3ccccc3c2)c2c[nH]c3ccccc23)cc1,4300.0
CHEMBL4456998,O=C(C[C@@H](c1cccs1)c1c[nH]c2ccccc12)c1ccccc1,4300.0
CHEMBL4526585,O=C(C[C@@H](c1c(Cl)cccc1Cl)c1c[nH]c2ccccc12)c1ccccc1,4300.0
CHEMBL557057,O=C1Nc2ccccc2C1(c1c[nH]c2ccccc12)c1c[nH]c2ccccc12,5900.0
CHEMBL4443865,CCCn1cc(C2(c3cn(CCC)c4ccccc34)C(=O)Nc3ccccc32)c2ccccc21,5900.0
CHEMBL4435550,CC(C)n1cc(C2(c3cn(C(C)C)c4ccccc34)C(=O)Nc3ccccc32)c2ccccc21,5900.0
CHEMBL4550304,CCCCn1cc(C2(c3cn(CCCC)c4ccccc34)C(=O)Nc3ccccc32)c2ccccc21,5900.0
CHEMBL4436361,CC(C)Cn1cc(C2(c3cn(CC(C)C)c4ccccc34)C(=O)Nc3ccccc32)c2ccccc21,5900.0
CHEMBL4590423,O=C1Nc2ccc(Br)cc2C1(c1c[nH]c2ccccc12)c1c[nH]c2ccccc12,5900.0
CHEMBL2011865,O=C1Nc2ccc(Cl)cc2C1(c1c[nH]c2ccccc12)c1c[nH]c2ccccc12,5900.0
CHEMBL4440702,Cc1ccc2c(c1)C(c1c[nH]c3ccccc13)(c1c[nH]c3ccccc13)C(=O)N2,5900.0
CHEMBL564411,Cn1cc(C2(c3cn(C)c4ccccc34)C(=O)Nc3ccccc32)c2ccccc21,5900.0
CHEMBL4445238,O=C1Nc2ccccc2C1(c1cn(Cc2ccccc2)c2ccccc12)c1cn(Cc2ccccc2)c2ccccc12,5900.0
CHEMBL4564310,O=C1Nc2ccccc2C1(c1cn(Cc2cccc(F)c2)c2ccccc12)c1cn(Cc2cccc(F)c2)c2ccccc12,5900.0
CHEMBL4460080,O=C1Nc2ccccc2C1(c1cn(Cc2ccc(Br)cc2)c2ccccc12)c1cn(Cc2ccc(Br)cc2)c2ccccc12,5900.0
CHEMBL4575035,O=C1Nc2ccccc2C1(c1cn(Cc2ccccc2Cl)c2ccccc12)c1cn(Cc2ccccc2Cl)c2ccccc12,5900.0
CHEMBL4436320,O=C1Nc2ccccc2C1(c1cn(Cc2ccccc2F)c2ccccc12)c1cn(Cc2ccccc2F)c2ccccc12,5900.0
CHEMBL4526576,Cc1ccc(C(c2c[nH]c3ccc(C(=O)NNS(=O)(=O)c4ccc(Cl)cc4Cl)cc23)c2c[nH]c3ccc(C(=O)NNS(=O)(=O)c4ccc(Cl)cc4Cl)cc23)cc1,100.0
CHEMBL4460255,Cc1ccc(C(c2c[nH]c3ccc(C(=O)NNS(=O)(=O)c4cccc([N+](=O)[O-])c4)cc23)c2c[nH]c3ccc(C(=O)NNS(=O)(=O)c4cccc([N+](=O)[O-])c4)cc23)cc1,2100.0
CHEMBL4439937,Cc1ccc(C(c2c[nH]c3ccc(C(=O)NNS(=O)(=O)c4ccc([N+](=O)[O-])cc4)cc23)c2c[nH]c3ccc(C(=O)NNS(=O)(=O)c4ccc([N+](=O)[O-])cc4)cc23)cc1,2100.0
CHEMBL4519690,Cc1ccc(C(c2c[nH]c3ccc(C(=O)NNS(=O)(=O)c4ccc([N+](=O)[O-])cc4[N+](=O)[O-])cc23)c2c[nH]c3ccc(C(=O)NNS(=O)(=O)c4ccc([N+](=O)[O-])cc4[N+](=O)[O-])cc23)cc1,500.0
CHEMBL4459920,Cc1ccc(C(c2c[nH]c3ccc(C(=O)NNS(=O)(=O)c4ccc(C)cc4)cc23)c2c[nH]c3ccc(C(=O)NNS(=O)(=O)c4ccc(C)cc4)cc23)cc1,100.0
CHEMBL4592050,Cc1ccc(C(c2c[nH]c3ccc(C(=O)NNS(=O)(=O)c4cccc(Cl)c4Cl)cc23)c2c[nH]c3ccc(C(=O)NNS(=O)(=O)c4cccc(Cl)c4Cl)cc23)cc1,100.0
CHEMBL4444856,Cc1ccc(C(c2c[nH]c3ccc(C(=O)NNS(=O)(=O)c4cc(Cl)ccc4Cl)cc23)c2c[nH]c3ccc(C(=O)NNS(=O)(=O)c4cc(Cl)ccc4Cl)cc23)cc1,100.0
CHEMBL4465117,Cc1ccc(C(c2c[nH]c3ccc(C(=O)NNS(=O)(=O)c4ccc(Cl)c(Cl)c4)cc23)c2c[nH]c3ccc(C(=O)NNS(=O)(=O)c4ccc(Cl)c(Cl)c4)cc23)cc1,100.0
CHEMBL4468394,Cc1ccc(C(c2c[nH]c3ccc(C(=O)NNS(=O)(=O)c4cc(Cl)cc(Cl)c4)cc23)c2c[nH]c3ccc(C(=O)NNS(=O)(=O)c4cc(Cl)cc(Cl)c4)cc23)cc1,100.0
CHEMBL4450153,Cc1ccc(C(c2c[nH]c3ccc(C(=O)NNS(=O)(=O)c4ccccc4Cl)cc23)c2c[nH]c3ccc(C(=O)NNS(=O)(=O)c4ccccc4Cl)cc23)cc1,100.0
CHEMBL4444058,Cc1ccc(C(c2c[nH]c3ccc(C(=O)NNS(=O)(=O)c4ccccc4Br)cc23)c2c[nH]c3ccc(C(=O)NNS(=O)(=O)c4ccccc4Br)cc23)cc1,100.0
CHEMBL4535006,Cc1ccc(C(c2c[nH]c3ccc(C(=O)NNS(=O)(=O)c4ccc(Br)cc4)cc23)c2c[nH]c3ccc(C(=O)NNS(=O)(=O)c4ccc(Br)cc4)cc23)cc1,100.0
CHEMBL4437002,Cc1ccc(C(c2c[nH]c3ccc(C(=O)NNS(=O)(=O)c4ccccc4[N+](=O)[O-])cc23)c2c[nH]c3ccc(C(=O)NNS(=O)(=O)c4ccccc4[N+](=O)[O-])cc23)cc1,2100.0
CHEMBL4565442,Cc1ccc(C(c2c[nH]c3ccc(C(=O)NNS(=O)(=O)c4cc(Cl)c(Cl)cc4Cl)cc23)c2c[nH]c3ccc(C(=O)NNS(=O)(=O)c4cc(Cl)c(Cl)cc4Cl)cc23)cc1,300.0
CHEMBL4445451,CCCN1C(=O)/C(=N\NC(=O)Cc2ccc(Cl)cc2Cl)c2ccccc21,2200.0
CHEMBL4451791,Cc1ccc(C(=O)N/N=C2\C(=O)Nc3ccc(Cl)cc32)cc1,2200.0
CHEMBL4540336,O=C(Cc1ccc(Cl)c(Cl)c1)N/N=C1\C(=O)Nc2cc(Br)ccc21,2200.0
CHEMBL4455386,O=C1Nc2cc(Br)ccc2/C1=N/NC(=O)c1ccccc1O,2200.0
CHEMBL4465201,CCCCCCCCCCCC(=O)N/N=C1\C(=O)Nc2ccccc21,2200.0
CHEMBL4458470,O=C(Cc1ccc(Cl)cc1Cl)N/N=C1\C(=O)Nc2cc(Br)ccc21,2200.0
CHEMBL4526446,O=C(COc1ccc2ccc(=O)oc2c1)N/N=C1\C(=O)Nc2ccccc21,2500.0
CHEMBL4438638,O=C(COc1ccc2ccc(=O)oc2c1)N/N=C1\C(=O)N(Cc2ccccc2F)c2ccccc21,2500.0
CHEMBL4475058,O=C(COc1ccc2ccc(=O)oc2c1)N/N=C1\C(=O)N(Cc2cccc(F)c2)c2ccccc21,2500.0
CHEMBL4441977,O=C(COc1ccc2ccc(=O)oc2c1)N/N=C1\C(=O)N(Cc2ccccc2Cl)c2ccccc21,2500.0
CHEMBL4518046,O=C(COc1ccc2ccc(=O)oc2c1)N/N=C1\C(=O)N(Cc2ccc(Br)cc2)c2ccccc21,2500.0
CHEMBL4587269,Cc1ccc2c(c1)/C(=N/NC(=O)COc1ccc3ccc(=O)oc3c1)C(=O)N2Cc1ccccc1F,2500.0
CHEMBL4537391,Cc1ccc2c(c1)/C(=N/NC(=O)COc1ccc3ccc(=O)oc3c1)C(=O)N2Cc1cccc(F)c1,2500.0
CHEMBL4545087,O=C(COc1ccc2ccc(=O)oc2c1)N/N=C1\C(=O)N(Cc2cccc(F)c2)c2ccc(Cl)cc21,2500.0
CHEMBL4581970,O=C(COc1ccc2ccc(=O)oc2c1)N/N=C1\C(=O)N(Cc2ccccc2)c2ccc(Br)cc21,2500.0
CHEMBL4583142,O=C(COc1ccc2ccc(=O)oc2c1)N/N=C1\C(=O)N(Cc2ccccc2Cl)c2ccc(Br)cc21,2500.0
CHEMBL4452470,O=C(COc1ccc2ccc(=O)oc2c1)N/N=C1\C(=O)N(Cc2ccc(Br)cc2)c2ccc(Br)cc21,2500.0
CHEMBL4553582,Cc1ccc2c(c1)/C(=N/NC(=O)COc1ccc3ccc(=O)oc3c1)C(=O)N2,2500.0
CHEMBL4435626,Cc1cc(C)c2c(c1)/C(=N/NC(=O)COc1ccc3ccc(=O)oc3c1)C(=O)N2,2500.0
CHEMBL4463121,O=C(COc1ccc2ccc(=O)oc2c1)N/N=C1\C(=O)Nc2ccc(F)cc21,2500.0
CHEMBL4532650,O=C(COc1ccc2ccc(=O)oc2c1)N/N=C1\C(=O)Nc2ccc(Cl)cc21,2500.0
CHEMBL4578640,O=C(COc1ccc2ccc(=O)oc2c1)N/N=C1\C(=O)Nc2ccc(Br)cc21,2500.0
CHEMBL4471443,O=C(COc1ccc2ccc(=O)oc2c1)N/N=C1\C(=O)Nc2ccc([N+](=O)[O-])cc21,2500.0
CHEMBL4561189,CN1C(=O)/C(=N\NC(=O)COc2ccc3ccc(=O)oc3c2)c2ccccc21,2500.0
CHEMBL4568489,O=C(COc1ccc2ccc(=O)oc2c1)N/N=C1\C(=O)N(Cc2ccccc2)c2ccccc21,2500.0
CHEMBL4516073,O=C(COc1ccc2ccc(=O)oc2c1)N/N=C1\C(=O)N(Cc2ccccc2F)c2ccc(Cl)cc21,2500.0
CHEMBL4550316,O=C1Nc2ccc(Cl)cc2/C1=N/Nc1nc(-c2ccc(Br)cc2)cs1,5300.0
CHEMBL4468486,Cc1cc(C)c2c(c1)/C(=N/Nc1nc(-c3ccc(F)cc3)cs1)C(=O)N2,5300.0
CHEMBL4538319,Cc1ccc(-c2csc(N/N=C3\C(=O)Nc4c(C)cc(C)cc43)n2)cc1,5300.0
CHEMBL4438176,Cc1ccc(-c2csc(N/N=C3\C(=O)Nc4ccc(F)cc43)n2)cc1,5300.0
CHEMBL4461266,O=C1Nc2ccc(F)cc2/C1=N/Nc1nc(-c2ccc(F)cc2)cs1,5300.0
CHEMBL3409200,O=C1Nc2ccccc2/C1=N/Nc1nc(-c2ccc(F)cc2)cs1,5300.0
CHEMBL3409203,Cc1ccc(-c2csc(N/N=C3\C(=O)Nc4ccccc43)n2)cc1,5300.0
CHEMBL4549579,Cc1ccc(-c2csc(N/N=C3\C(=O)N(Cc4ccccc4F)c4ccc(C)cc43)n2)cc1,5300.0
CHEMBL4465548,COc1ccc(-c2csc(N/N=C3\C(=O)N(Cc4ccccc4F)c4ccc(C)cc43)n2)cc1,5300.0
CHEMBL4525043,Cc1ccc(-c2csc(N/N=C3\C(=O)N(C)c4ccccc43)n2)cc1,5300.0
CHEMBL4453617,CN1C(=O)/C(=N\Nc2nc(-c3ccc(F)cc3)cs2)c2ccccc21,5300.0
CHEMBL4513279,COc1ccc(-c2csc(N/N=C3\C(=O)N(C)c4ccccc43)n2)cc1,5300.0
CHEMBL3409199,O=C1Nc2ccccc2/C1=N/Nc1nc(-c2ccc(Cl)cc2)cs1,5300.0
CHEMBL4446848,Cc1cc(C)c2c(c1)/C(=N/Nc1nc(-c3ccc(Br)cc3)cs1)C(=O)N2,5300.0
CHEMBL4545784,Cc1ccc2c(c1)/C(=N/Nc1nc(-c3ccc(O)cc3)cs1)C(=O)N2,5300.0
CHEMBL4460518,Cc1ccc2c(c1)/C(=N/Nc1nc(-c3ccc(O)cc3)cs1)C(=O)N2Cc1ccccc1F,5300.0
CHEMBL4460633,Clc1cccc(-c2[nH]c3ccccc3c2-c2nc(-c3ccccc3)c(-c3ccccc3)n2-c2ccccc2)c1,8300.0
CHEMBL4551286,Brc1ccc(-n2c(-c3c(-c4cccc(Br)c4)[nH]c4ccccc34)nc(-c3ccccc3)c2-c2ccccc2)cc1,8300.0
CHEMBL3622692,FC(F)(F)c1ccc(-c2[nH]c3ccccc3c2-c2nc(-c3ccccc3)c(-c3ccccc3)n2-c2ccccc2)cc1,8300.0
CHEMBL4576623,COc1ccc(-n2c(-c3c(-c4cccc(Br)c4)[nH]c4ccccc34)nc(-c3ccccc3)c2-c2ccccc2)cc1,8300.0
CHEMBL4570383,COc1ccc(-n2c(-c3c(-c4ccc(Cl)cc4)[nH]c4ccc(Cl)cc34)nc(-c3ccccc3)c2-c2ccccc2)cc1,8300.0
CHEMBL4579286,Fc1ccc2[nH]c(-c3ccccc3)c(-c3nc(-c4ccccc4)c(-c4ccccc4)n3-c3cccc(Cl)c3)c2c1,8300.0
CHEMBL4465477,Fc1ccc2[nH]c(-c3ccccc3)c(-c3nc(-c4ccccc4)c(-c4ccccc4)n3-c3ccccc3)c2c1,8300.0
CHEMBL4531602,CC(=O)Nc1ccc(-n2c(-c3c(-c4ccccc4)[nH]c4ccc(F)cc34)nc(-c3ccccc3)c2-c2ccccc2)cc1,8300.0
CHEMBL4447344,Cc1cccc2nc(-c3ccc(O)cc3O)[nH]c12,5300.0
CHEMBL4555802,Cc1cccc2nc(-c3ccc(F)cc3)[nH]c12,5300.0
CHEMBL4439784,Cc1cccc2nc(-c3ccc(O)cc3)[nH]c12,5300.0
CHEMBL4579201,Cc1cccc2nc(-c3cccc(O)c3)[nH]c12,5300.0
CHEMBL4529445,Cc1cccc2nc(-c3ccccc3O)[nH]c12,5300.0
CHEMBL4475487,COc1ccc(-c2nc3cccc(C)c3[nH]2)c(O)c1,5300.0
CHEMBL4550935,COc1ccc(-c2nc3cccc(C)c3[nH]2)cc1O,5300.0
CHEMBL4565093,Cc1cccc2nc(-c3ccncc3)[nH]c12,5300.0
CHEMBL4473648,Cc1cccc2nc(-c3cccc(Cl)c3)[nH]c12,5300.0
CHEMBL4543481,Cc1cccc2nc(-c3ccc(Cl)cc3)[nH]c12,5300.0
CHEMBL4483473,Cc1cccc2nc(-c3ccccc3[N+](=O)[O-])[nH]c12,5300.0
CHEMBL4460277,Cc1cccc2nc(-c3ccccc3F)[nH]c12,5300.0
CHEMBL4521147,Cc1cccc2nc(-c3cccc(F)c3)[nH]c12,5300.0
CHEMBL4556298,Cc1cccc2nc(-c3ccc(O)c(O)c3)[nH]c12,5300.0
CHEMBL4567754,Cc1cccc2nc(-c3cccs3)[nH]c12,5300.0
CHEMBL4474005,Cc1cccc2nc(-c3cc(O)ccc3O)[nH]c12,5300.0
CHEMBL4482888,COc1ccc(O)c(-c2nc3cccc(C)c3[nH]2)c1,5300.0
CHEMBL4469378,Cc1cccc2nc(-c3cccc(O)c3O)[nH]c12,5300.0
CHEMBL4453302,Cc1cccc2nc(-c3ccccc3Cl)[nH]c12,5300.0
CHEMBL4593597,O=C1NC(=O)/C(=C/c2ccc(-c3nc4ccccc4n3Cc3ccc(Cl)cc3)cc2)S1,540.0
CHEMBL4450847,COc1ccc(Cc2nnc(-c3ccc(Cl)cc3)n2CC(=O)NNC(=S)Nc2ccc(Cl)cc2)cc1,3400.0
CHEMBL4559187,COc1ccc(Cc2nnc(-c3ccc(Cl)cc3)n2Cc2nn(CN3CCN(C)CC3)c(=S)o2)cc1,4300.0
CHEMBL4586054,COc1cc(Br)ccc1O[C@H](C)Cn1cc(-c2ccc(C(F)(F)F)cc2)nn1,14000.0
CHEMBL4581675,COc1cc(Br)ccc1O[C@H](C)Cn1cc(-c2ccccc2)nn1,14000.0
CHEMBL4554505,COc1cc(Br)ccc1O[C@H](C)Cn1cc(-c2ccc(F)cc2)nn1,14000.0
CHEMBL4553154,COC(=O)c1cn(C[C@@H](C)Oc2ccc(Br)cc2OC)nn1,14000.0
CHEMBL4473758,COc1cc(-c2ccc(C)cc2)ccc1O[C@H](C)Cn1cc(-c2ccc(C(F)(F)F)cc2)nn1,14000.0
CHEMBL4543995,COc1cc(-c2ccc(F)cc2)ccc1O[C@H](C)Cn1cc(-c2ccc(C(F)(F)F)cc2)nn1,14000.0
CHEMBL4526260,COc1cc(-c2ccc([N+](=O)[O-])cc2)ccc1O[C@H](C)Cn1cc(-c2ccc(C(F)(F)F)cc2)nn1,14000.0
CHEMBL4465339,COc1ccc(-c2ccc(O[C@H](C)Cn3cc(-c4ccc(C(F)(F)F)cc4)nn3)c(OC)c2)cc1,14000.0
CHEMBL4458326,Brc1ccc(Cn2cc(CSc3nc4ccccc4s3)nn2)cc1,20000.0
CHEMBL4440340,Clc1ccc(Cn2cc(CSc3nc4cc(Cl)ccc4s3)nn2)cc1,20000.0
CHEMBL4443928,Clc1ccc2sc(SCc3cn(Cc4ccc(Br)cc4)nn3)nc2c1,20000.0
CHEMBL4457442,Clc1cc(Cl)cc(Cn2cc(CSc3nc4cc(Cl)ccc4s3)nn2)c1,20000.0
CHEMBL4580550,Fc1cccc(Cn2cc(CSc3nc4cc(Cl)ccc4s3)nn2)c1,20000.0
CHEMBL4586570,Fc1ccc(Cn2cc(CSc3nc4cc(Cl)ccc4s3)nn2)cc1,20000.0
CHEMBL4483439,Clc1ccc2sc(SCc3cn(Cc4ccccc4)nn3)nc2c1,20000.0
CHEMBL4457153,Brc1ccccc1Cn1cc(CSc2nc3ccccc3s2)nn1,20000.0
CHEMBL4463405,Fc1cccc(Cn2cc(CSc3nc4ccccc4s3)nn2)c1,20000.0
CHEMBL4551296,Clc1ccc(Cn2cc(CSc3nc4ccccc4s3)nn2)cc1,20000.0
CHEMBL4475743,Clc1cc(Cl)cc(Cn2cc(CSc3nc4ccccc4s3)nn2)c1,20000.0
CHEMBL4547082,CC(C)(C)c1ccc(Cn2cc(CSc3nc4ccccc4s3)nn2)cc1,20000.0
CHEMBL4462234,Fc1ccccc1Cn1cc(CSc2nc3cc(Cl)ccc3s2)nn1,20000.0
CHEMBL4473217,Clc1ccc2sc(SCc3cn(Cc4ccccc4Br)nn3)nc2c1,20000.0
CHEMBL4526264,Clc1ccc2sc(SCc3cn(Cc4ccccc4Cl)nn3)nc2c1,20000.0
CHEMBL4551747,CC(C)(C)c1ccc(Cn2cc(CSc3nc4cc(Cl)ccc4s3)nn2)cc1,20000.0
CHEMBL3984954,Cc1ccc(NC(=O)Cn2cc(Cn3c(-c4cccc(Cl)c4)nc(-c4ccccc4)c3-c3ccccc3)nn2)c(C)c1,15000.0
CHEMBL3900431,O=C(Cn1cc(Cn2c(-c3ccc(F)cc3)nc(-c3ccccc3)c2-c2ccccc2)nn1)Nc1ccc(Cl)cc1Cl,15000.0
CHEMBL3901489,CCOc1ccc(NC(=O)Cn2cc(Cn3c(-c4ccc(C(=O)OC)cc4)nc(-c4ccccc4)c3-c3ccccc3)nn2)cc1,15000.0
CHEMBL3980621,COC(=O)c1ccc(-c2nc(-c3ccccc3)c(-c3ccccc3)n2Cc2cn(CC(=O)Nc3cc(Cl)ccc3Cl)nn2)cc1,15000.0
CHEMBL3910543,COc1ccccc1-c1nc(-c2ccccc2)c(-c2ccccc2)n1Cc1cn(CC(=O)Nc2ccc(C)cc2)nn1,15000.0
CHEMBL3901221,COc1ccc(NC(=O)Cn2cc(Cn3c(-c4cccc(Cl)c4)nc(-c4ccccc4)c3-c3ccccc3)nn2)cc1,15000.0
CHEMBL3924165,O=C(Cn1cc(Cn2c(-c3ccc(Br)cc3)nc(-c3ccccc3)c2-c2ccccc2)nn1)Nc1ccc(F)cc1,15000.0
CHEMBL3896149,Cc1ccc(NC(=O)Cn2cc(Cn3c(-c4cccc(F)c4)nc(-c4ccccc4)c3-c3ccccc3)nn2)c(C)c1,15000.0
CHEMBL3936073,Cc1ccccc1NC(=O)Cn1cc(Cn2c(-c3cccc(F)c3)nc(-c3ccccc3)c2-c2ccccc2)nn1,15000.0
CHEMBL3968348,Cc1ccccc1NC(=O)Cn1cc(Cn2c(-c3ccc(Br)cc3)nc(-c3ccccc3)c2-c2ccccc2)nn1,15000.0
CHEMBL3906188,CCOc1ccc(NC(=O)Cn2cc(Cn3c(-c4cccc(Cl)c4)nc(-c4ccccc4)c3-c3ccccc3)nn2)cc1,15000.0
CHEMBL3976877,COc1ccc(-c2nc(-c3ccccc3)c(-c3ccccc3)n2Cc2cn(CC(=O)Nc3ccc(Cl)cc3Cl)nn2)cc1OC,15000.0
CHEMBL3923085,COc1ccc(NC(=O)Cn2cc(Cn3c(-c4cccs4)nc(-c4ccccc4)c3-c3ccccc3)nn2)cc1,15000.0
CHEMBL3919478,CCOc1ccccc1NC(=O)Cn1cc(Cn2c(-c3ccccc3F)nc(-c3ccccc3)c2-c2ccccc2)nn1,15000.0
CHEMBL3891396,CCOc1ccccc1NC(=O)Cn1cc(Cn2c(-c3cccc(Br)c3)nc(-c3ccccc3)c2-c2ccccc2)nn1,15000.0
CHEMBL3891396,CCOc1ccccc1NC(=O)Cn1cc(Cn2c(-c3cccc(Br)c3)nc(-c3ccccc3)c2-c2ccccc2)nn1,14000.0
CHEMBL4532383,CCOC(=O)C1=C(Nc2cccc(Cl)c2)C[C@@H](c2ccc(Cl)cc2)N(c2cccc(Cl)c2)[C@@H]1c1ccc(Cl)cc1,2300.0
CHEMBL4516653,CCOC(=O)C1=C(Nc2cccc(F)c2)C[C@@H](c2ccc(Cl)cc2)N(c2cccc(F)c2)[C@@H]1c1ccc(Cl)cc1,2300.0
CHEMBL4461594,CCOC(=O)C1=C(Nc2cccc([N+](=O)[O-])c2)C[C@@H](c2ccc(C)cc2)N(c2cccc([N+](=O)[O-])c2)[C@@H]1c1ccc(C)cc1,2300.0
CHEMBL4568178,CCOC(=O)C1=C(Nc2cccc(Br)c2)C[C@@H](c2ccc(Cl)cc2)N(c2cccc(Br)c2)[C@@H]1c1ccc(Cl)cc1,2300.0
CHEMBL4572048,Clc1ccccc1CSc1nc(-c2ccc(Br)cc2)cc(-c2ccc(Br)cc2)n1,19000.0
CHEMBL4458760,Cc1ccc(-c2cc(-c3cccc(Br)c3)nc(SCc3ccc(F)cc3)n2)cc1,19000.0
CHEMBL4575673,Clc1ccccc1CSc1nc(-c2ccc(Br)cc2)cc(-c2cccc(Br)c2)n1,19000.0
CHEMBL4545982,Fc1cccc(CSc2nc(-c3ccc(Br)cc3)cc(-c3cccc(Br)c3)n2)c1,19000.0
CHEMBL4460212,Clc1ccc(CSc2nc(-c3ccc(Br)cc3)cc(-c3ccc(Br)cc3)n2)cc1,19000.0
CHEMBL4437052,Fc1cccc(CSc2nc(-c3ccc(Br)cc3)cc(-c3ccc(Br)cc3)n2)c1,19000.0
CHEMBL4465909,Fc1ccccc1CSc1nc(-c2ccc(Br)cc2)cc(-c2ccc(Br)cc2)n1,19000.0
CHEMBL4454092,Fc1ccc(CSc2nc(-c3ccc(Br)cc3)cc(-c3ccc(Br)cc3)n2)cc1,19000.0
CHEMBL4449386,Cc1ccc(-c2cc(-c3cccc(Br)c3)nc(SCc3ccccc3Cl)n2)cc1,19000.0
CHEMBL4568608,Cc1ccc(-c2cc(-c3cccc(Br)c3)nc(SCc3cccc(F)c3)n2)cc1,19000.0
CHEMBL4539474,Cc1ccc(-c2cc(-c3ccc(Br)cc3)nc(SCc3ccc(Cl)cc3)n2)cc1,19000.0
CHEMBL4527538,Cc1ccc(-c2cc(-c3ccc(Br)cc3)nc(SCc3ccccc3Br)n2)cc1,19000.0
CHEMBL4469981,O=c1ccc2ccc(OCC(O)CSc3nnc(-c4ccccc4)c(-c4ccccc4)n3)cc2o1,32000.0
CHEMBL4528814,O=c1ccc2ccc(OCC(O)CSc3nnc(-c4cccc(F)c4)c(-c4cccc(F)c4)n3)cc2o1,32000.0
CHEMBL4587989,O=c1ccc2ccc(OCC(O)CSc3nnc(-c4ccc(F)cc4)c(-c4ccc(F)cc4)n3)cc2o1,32000.0
CHEMBL4579423,O=c1ccc2ccc(OCC(O)CSc3nnc(-c4ccco4)c(-c4ccco4)n3)cc2o1,32000.0
CHEMBL4558577,O=c1oc2ccccc2cc1OCC(O)CSc1nnc(-c2ccc(F)cc2)c(-c2ccc(F)cc2)n1,32000.0
CHEMBL4568819,O=c1oc2ccccc2cc1OCC(O)CSc1nnc(-c2ccco2)c(-c2ccco2)n1,32000.0
CHEMBL4446517,O=c1oc2ccccc2cc1OCC(O)CSc1nnc(-c2cccc(Br)c2)c(-c2cccc(Br)c2)n1,32000.0
CHEMBL4441899,O=C(CSc1nnc(-c2ccccc2)c(-c2ccccc2)n1)Nc1nc(-c2ccccc2)cs1,2800.0
CHEMBL4545401,O=C(CSc1nnc(-c2ccc(Br)cc2)c(-c2ccc(Br)cc2)n1)Nc1nc(-c2ccc(Br)cc2)cs1,2800.0
CHEMBL4458336,O=C(CSc1nnc(-c2ccc(F)cc2)c(-c2ccc(F)cc2)n1)Nc1nc(-c2ccccc2)cs1,2800.0
CHEMBL4545190,Cc1ccc(-c2csc(NC(=O)CSc3nnc(-c4ccc(F)cc4)c(-c4ccc(F)cc4)n3)n2)cc1,2800.0
CHEMBL4460050,O=C(CSc1nnc(-c2ccc(F)cc2)c(-c2ccc(F)cc2)n1)Nc1nc(-c2ccc(F)cc2)cs1,2800.0
CHEMBL4565828,O=C(CSc1nnc(-c2ccc(F)cc2)c(-c2ccc(F)cc2)n1)Nc1nc(-c2ccc(Cl)cc2)cs1,2800.0
CHEMBL4545231,O=C(CSc1nnc(-c2ccc(F)cc2)c(-c2ccc(F)cc2)n1)Nc1nc(-c2ccc(Br)cc2)cs1,2800.0
CHEMBL4435963,O=C(CSc1nnc(-c2ccc(Br)cc2)c(-c2ccc(Br)cc2)n1)Nc1nc(-c2ccc(F)cc2)cs1,2800.0
CHEMBL4592051,Cc1ccc(-c2csc(NC(=O)CSc3nnc(-c4ccccc4)c(-c4ccccc4)n3)n2)cc1,2800.0
CHEMBL4544393,COc1ccc(-c2csc(NC(=O)CSc3nnc(-c4ccccc4)c(-c4ccccc4)n3)n2)cc1,2800.0
CHEMBL4566821,O=C(CSc1nnc(-c2ccccc2)c(-c2ccccc2)n1)Nc1nc(-c2ccc(F)cc2)cs1,2800.0
CHEMBL4473482,O=C(CSc1nnc(-c2ccccc2)c(-c2ccccc2)n1)Nc1nc(-c2ccc(Cl)cc2)cs1,2800.0
CHEMBL4469167,O=C(CSc1nnc(-c2ccccc2)c(-c2ccccc2)n1)Nc1nc(-c2ccc(Br)cc2)cs1,2800.0
CHEMBL4578419,O=C(CSc1nnc(-c2ccc(Br)cc2)c(-c2ccc(Br)cc2)n1)Nc1nc(-c2ccccc2)cs1,2800.0
CHEMBL4543253,Cc1ccc(-c2csc(NC(=O)CSc3nnc(-c4ccc(Br)cc4)c(-c4ccc(Br)cc4)n3)n2)cc1,2800.0
CHEMBL4570594,O=C(CSc1nnc(-c2ccc(Br)cc2)c(-c2ccc(Br)cc2)n1)Nc1nc(-c2ccc(Cl)cc2)cs1,2800.0
CHEMBL4453256,COc1ccc(-c2csc(NC(=O)CSc3nnc(-c4ccc(Br)cc4)c(-c4ccc(Br)cc4)n3)n2)cc1,2800.0
CHEMBL4543092,O=C(NNC(=S)Nc1ccccc1Br)c1ccc(-c2nnc(-c3ccccc3Cl)o2)cc1,400.0
CHEMBL4554478,O=C(NNC(=S)Nc1cccc([N+](=O)[O-])c1)c1ccc(-c2nnc(-c3ccccc3Cl)o2)cc1,400.0
CHEMBL4466929,COc1cccc(NC(=S)NNC(=O)c2ccc(-c3nnc(-c4ccccc4Cl)o3)cc2)c1,400.0
CHEMBL4547036,O=C(NNC(=S)Nc1ccc(Cl)c(Cl)c1)c1ccc(-c2nnc(-c3ccccc3Cl)o2)cc1,400.0
CHEMBL4446128,COc1ccccc1NC(=S)NNC(=O)c1ccc(-c2nnc(-c3ccccc3Cl)o2)cc1,400.0
CHEMBL4443246,Cc1ccc(NC(=S)NNC(=O)c2ccc(-c3nnc(-c4ccccc4Cl)o3)cc2)cc1,400.0
CHEMBL4582866,O=C(NNC(=S)Nc1ccc(F)cc1)c1ccc(-c2nnc(-c3ccccc3Cl)o2)cc1,400.0
CHEMBL4555448,O=C(NNC(=S)Nc1ccc(Br)cc1)c1ccc(-c2nnc(-c3ccccc3Cl)o2)cc1,400.0
CHEMBL4550413,O=C(NNC(=S)Nc1ccc(Cl)cc1)c1ccc(-c2nnc(-c3ccccc3Cl)o2)cc1,400.0
CHEMBL4526013,COc1ccc(NC(=S)NNC(=O)c2ccc(-c3nnc(-c4ccccc4Cl)o3)cc2)cc1,400.0
CHEMBL4464685,O=C(NNC(=S)Nc1ccc([N+](=O)[O-])cc1)c1ccc(-c2nnc(-c3ccccc3Cl)o2)cc1,400.0
CHEMBL4462975,Cc1cccc(NC(=S)NNC(=O)c2ccc(-c3nnc(-c4ccccc4Cl)o3)cc2)c1,400.0
CHEMBL4553428,O=C(NNC(=S)Nc1cccc(F)c1)c1ccc(-c2nnc(-c3ccccc3Cl)o2)cc1,400.0
CHEMBL4586665,O=C(NNC(=S)Nc1ccccc1F)c1ccc(-c2nnc(-c3ccccc3Cl)o2)cc1,400.0
CHEMBL4582990,O=C(NNC(=S)Nc1ccc(C(F)(F)F)cc1)c1ccc(-c2nnc(-c3ccccc3Cl)o2)cc1,600.0
CHEMBL4554853,O=C(NNC(=S)Nc1ccccc1Cl)c1ccc(-c2nnc(-c3ccccc3Cl)o2)cc1,700.0
CHEMBL4435180,O=C1Nc2cc(Cl)ccc2/C1=C/c1ccc(-c2nnc(-c3cc(O)cc(O)c3)o2)cc1,1200.0
CHEMBL4476389,C(=N/Nc1nc(-c2ccc(-c3ccccc3)cc2)cs1)\c1cccc2ccccc12,6200.0
CHEMBL4528769,Oc1ccc(Br)cc1-c1nc2cc(Cl)ccc2s1,22000.0
CHEMBL4547068,Clc1ccc(/N=c2\scc(-c3ccc(Cl)cc3)n2Nc2ccccc2)cc1,9600.0
CHEMBL4543754,Cc1cs/c(=N\C(=O)c2ccccc2Cl)n1-c1cc(Cl)c(Cl)cc1Cl,100.0
CHEMBL4442767,Cc1cccc(C(=O)/N=c2\scc(C)n2-c2cc(Cl)c(Cl)cc2Cl)c1,100.0
CHEMBL4457996,COc1ccc(C(=O)/N=c2\scc(C)n2-c2cc(Cl)c(Cl)cc2Cl)cc1,100.0
CHEMBL4476028,Cc1cs/c(=N\C(=O)c2ccco2)n1-c1cc(Cl)c(Cl)cc1Cl,100.0
CHEMBL4443277,Cc1cs/c(=N\C(=O)c2cc3ccccc3oc2=O)n1-c1cc(Cl)c(Cl)cc1Cl,100.0
CHEMBL4440783,Cc1ccccc1C(=O)/N=c1\scc(C)n1-c1cc(Cl)c(Cl)cc1Cl,150.0
CHEMBL4440783,Cc1ccccc1C(=O)/N=c1\scc(C)n1-c1cc(Cl)c(Cl)cc1Cl,255.0
CHEMBL4456568,Cc1cs/c(=N\C(=O)c2cccc3ccccc23)n1-c1cc(Cl)c(Cl)cc1Cl,150.0
CHEMBL4456568,Cc1cs/c(=N\C(=O)c2cccc3ccccc23)n1-c1cc(Cl)c(Cl)cc1Cl,255.0
CHEMBL4590014,O=C1NC(=O)/C(=C\c2ccc(-n3ccc4c(Br)ccnc43)cc2)S1,550.0
CHEMBL4472969,O=C1NC(=O)/C(=C\c2ccc(-n3cnc4ccccc43)cc2)S1,550.0
CHEMBL4544064,O=C1NC(=O)/C(=C\c2ccc(-n3ncc4ccccc43)cc2)S1,550.0
CHEMBL4456879,O=C1NC(=O)/C(=C\c2ccc(-n3cc([N+](=O)[O-])cn3)cc2)S1,550.0
CHEMBL4465310,Cc1nccn1-c1ccc(/C=C2/SC(=O)NC2=O)cc1,550.0
CHEMBL4521001,O=C(O)CN1C(=O)S/C(=C/c2ccc(-n3ccc4c(Br)ccnc43)cc2)C1=O,550.0
CHEMBL4541639,O=C1NC(=O)/C(=C\c2ccc(-n3ccc4c(Nc5ccccc5OC(F)(F)F)ccnc43)cc2)S1,550.0
CHEMBL4549286,O=C1NC(=O)/C(=C\c2ccc(-n3ccc4c(Nc5ccc(F)cc5)ccnc43)cc2)S1,550.0
CHEMBL4449655,CCOC(=O)CN1C(=O)S/C(=C/c2ccc(-n3ccc4c(Br)ccnc43)cc2)C1=O,550.0
CHEMBL4466754,Nc1nnc(-c2ccccc2[N+](=O)[O-])s1,2300.0
CHEMBL4468056,Nc1nnc(-c2ccc(OCc3ccccc3)cc2)s1,2300.0
CHEMBL4442881,Nc1nnc(-c2ccc(Cl)c(OCc3ccccc3)c2)s1,2300.0
CHEMBL1299882,Nc1nnc(-c2cccc([N+](=O)[O-])c2)s1,2300.0
CHEMBL1383520,Nc1nnc(-c2ccc(Cl)cc2)s1,2300.0
CHEMBL4444070,COc1ccc(Br)cc1-c1nnc(N)s1,2300.0
CHEMBL4532290,CN(C)c1ccc(-c2nnc(N)s2)cc1,2300.0
CHEMBL4469380,COc1cccc(-c2nnc(N)s2)c1OC,2300.0
CHEMBL1534367,Nc1nnc(-c2ccc(Cl)cc2Cl)s1,2300.0
CHEMBL4550622,Nc1nnc(-c2ccc([N+](=O)[O-])cc2)s1,2300.0
CHEMBL4466501,Nc1nnc(-c2c3ccccc3cc3ccccc23)s1,2300.0
CHEMBL4471582,Nc1nnc(-c2cc3ccccc3cc2O)s1,2300.0
CHEMBL4471826,Nc1nnc(-c2ccc(O)cc2)s1,2300.0
CHEMBL4435535,O=[N+]([O-])c1ccc(/C=N/c2nnc(-c3ccc(Cl)cc3)s2)cc1,2300.0
CHEMBL4469544,COc1ccc(Br)cc1/C=N/c1nnc(-c2ccc(Cl)cc2)s1,2300.0
CHEMBL4471901,O=[N+]([O-])c1ccccc1/C=N/c1nnc(-c2ccc(Cl)cc2)s1,2300.0
CHEMBL4461186,Clc1ccc(-c2nnc(/N=C/c3ccc(OCc4ccccc4)cc3)s2)cc1,2300.0
CHEMBL4476702,Clc1ccc(-c2nnc(/N=C/c3ccc(Cl)cc3Cl)s2)cc1,2300.0
CHEMBL4554612,O=[N+]([O-])c1cccc(-c2nnc(/N=C/c3ccc(Cl)cc3Cl)s2)c1,2300.0
CHEMBL4442388,COc1ccc(Br)cc1/C=N/c1nnc(-c2cccc([N+](=O)[O-])c2)s1,2300.0
CHEMBL4593969,COc1cc(-c2nnc(/N=C/c3ccc(O)cc3)s2)ccc1OCc1ccccc1,2300.0
CHEMBL4564900,Oc1ccc(/C=N/c2nnc(-c3ccc(Cl)cc3)s2)cc1,2300.0
CHEMBL4538234,COc1ccc(/C=N/NC(=O)c2nc(-c3cc4ccccc4oc3=O)cs2)cc1,6200.0
CHEMBL4583678,O=C(N/N=C/c1ccc(Cl)cc1)c1nc(-c2cc3ccccc3oc2=O)cs1,6200.0
CHEMBL4456697,O=C(N/N=C/c1cccc(Cl)c1)c1nc(-c2cc3ccccc3oc2=O)cs1,6200.0
CHEMBL4435153,O=C(N/N=C/c1ccc(C(F)(F)F)cc1)c1nc(-c2cc3ccccc3oc2=O)cs1,6200.0
CHEMBL4521797,O=C(N/N=C/c1ccccc1F)c1nc(-c2cc3ccccc3oc2=O)cs1,6200.0
CHEMBL4452388,O=C(N/N=C/c1cccc(F)c1)c1nc(-c2cc3ccccc3oc2=O)cs1,6200.0
CHEMBL4453289,O=C(N/N=C/c1cccc(Br)c1)c1nc(-c2cc3ccccc3oc2=O)cs1,6200.0
CHEMBL4468721,COc1ccccc1/C=N/NC(=O)c1nc(-c2cc3ccccc3oc2=O)cs1,6200.0
CHEMBL4576919,O=C(N/N=C/c1ccccc1O)c1nc(-c2cc3ccccc3oc2=O)cs1,6200.0
CHEMBL4573047,O=C(N/N=C/c1ccc(O)cc1)c1nc(-c2cc3ccccc3oc2=O)cs1,6200.0
CHEMBL4574133,CC(C)(C)c1cc(/C=N/NC(=O)c2nc(-c3cc4ccccc4oc3=O)cs2)c(O)c(C(C)(C)C)c1,6200.0
CHEMBL4553128,O=C(N/N=C/c1ccc(O)c(F)c1)c1nc(-c2cc3ccccc3oc2=O)cs1,6200.0
CHEMBL4460908,O=C(N/N=C/c1cc(Cl)ccc1O)c1nc(-c2cc3ccccc3oc2=O)cs1,6200.0
CHEMBL4553656,COc1ccc(/C=N/NC(=O)c2nc(-c3cc4ccccc4oc3=O)cs2)c(O)c1,6200.0
CHEMBL4444658,O=C(N/N=C/c1cc(O)ccc1O)c1nc(-c2cc3ccccc3oc2=O)cs1,6200.0
CHEMBL4516889,O=C(N/N=C/c1ccc(O)c(O)c1)c1nc(-c2cc3ccccc3oc2=O)cs1,6200.0
CHEMBL4129528,O=C(N/N=C/c1cc(Cl)cc(Cl)c1O)c1nc(-c2cc3ccccc3oc2=O)cs1,6200.0
CHEMBL4129528,O=C(N/N=C/c1cc(Cl)cc(Cl)c1O)c1nc(-c2cc3ccccc3oc2=O)cs1,6800.0
CHEMBL4475313,O=C(N/N=C1\S/C(=C\c2ccc(F)cc2)C(=O)N1c1ccccc1Cl)c1cc2ccccc2oc1=O,90.0
CHEMBL4531736,Cc1ccc(N2C(=O)/C(=C/c3ccc(F)cc3)S/C2=N\NC(=O)c2cc3ccccc3oc2=O)cc1C,90.0
CHEMBL4591646,Cc1cc(C)cc(N2C(=O)/C(=C/c3ccc(F)cc3)S/C2=N\NC(=O)c2cc3ccccc3oc2=O)c1,90.0
CHEMBL4593240,O=C(N/N=C1\S/C(=C\c2ccc(F)cc2)C(=O)N1c1cccc(Cl)c1)c1cc2ccccc2oc1=O,100000.0
CHEMBL4467634,Cc1cccc(N2C(=O)/C(=C/c3ccc(F)cc3)S/C2=N\NC(=O)c2cc3ccccc3oc2=O)c1C,100000.0
CHEMBL4521673,Cc1ccc(C)c(N2C(=O)/C(=C/c3ccc(F)cc3)S/C2=N\NC(=O)c2cc3ccccc3oc2=O)c1,100000.0
CHEMBL4516968,O=C(N/N=C1\S/C(=C\c2ccc(F)cc2)C(=O)N1c1ccc(Cl)cc1)c1cc2ccccc2oc1=O,90.0
CHEMBL4441658,Cc1ccccc1N1C(=O)/C(=C/c2ccc(F)cc2)S/C1=N\NC(=O)c1cc2ccccc2oc1=O,90.0
CHEMBL4589823,Cc1cccc(N2C(=O)/C(=C/c3ccc(F)cc3)S/C2=N\NC(=O)c2cc3ccccc3oc2=O)c1,90.0
CHEMBL4127059,Cc1ccc(N2C(=O)/C(=C/c3ccc(F)cc3)S/C2=N\NC(=O)c2cc3ccccc3oc2=O)cc1,90.0
CHEMBL4469426,COc1cccc(N2C(=O)/C(=C/c3ccc(F)cc3)S/C2=N\NC(=O)c2cc3ccccc3oc2=O)c1,90.0
CHEMBL4457539,COc1ccc(N2C(=O)/C(=C/c3ccc(F)cc3)S/C2=N\NC(=O)c2cc3ccccc3oc2=O)cc1,90.0
CHEMBL4561204,Cc1ccc(N2C(=O)/C(=C/c3ccc(F)cc3)S/C2=N\NC(=O)c2cc3ccccc3oc2=O)c(C)c1,90.0
CHEMBL4557506,Cc1cccc(C)c1N1C(=O)/C(=C/c2ccc(F)cc2)S/C1=N\NC(=O)c1cc2ccccc2oc1=O,90.0
CHEMBL4463785,COc1ccccc1N1C(=O)/C(=C/c2ccc(F)cc2)S/C1=N\NC(=O)c1cc2ccccc2oc1=O,90.0
CHEMBL404271,C[C@H]1O[C@H](O[C@@H]2[C@@H](CO)O[C@H](O[C@@H]3[C@@H](CO)OC(O)[C@H](O)[C@H]3O)[C@H](O)[C@H]2O)[C@H](O)[C@@H](O)[C@@H]1N[C@H]1C=C(CO)[C@@H](O)[C@H](O)[C@H]1O,942000.0
CHEMBL404271,C[C@H]1O[C@H](O[C@@H]2[C@@H](CO)O[C@H](O[C@@H]3[C@@H](CO)OC(O)[C@H](O)[C@H]3O)[C@H](O)[C@H]2O)[C@H](O)[C@@H](O)[C@@H]1N[C@H]1C=C(CO)[C@@H](O)[C@H](O)[C@H]1O,817000.0
CHEMBL177114,CCOC(=O)CC(=O)OCC,5000.0
CHEMBL3186053,COC(=O)CC(C)=O,19000.0
CHEMBL85398,O=C1CSC(=O)N1,540.0
CHEMBL4559817,O=C(N/N=C/c1c(O)cc(O)cc1O)c1cc2ccccc2[nH]1,2300.0
CHEMBL4471072,O=C(N/N=C/c1cc(O)ccc1O)c1cc2ccccc2[nH]1,2300.0
CHEMBL4525854,O=C(N/N=C/c1ccc(O)c(O)c1)c1cc2ccccc2[nH]1,2300.0
CHEMBL4593066,O=C(N/N=C/c1cccc(O)c1O)c1cc2ccccc2[nH]1,2300.0
CHEMBL4442533,O=C(N/N=C/c1cc(O)cc(O)c1)c1cc2ccccc2[nH]1,2300.0
CHEMBL3186069,COc1cc(/C=N/NC(=O)c2cc3ccccc3[nH]2)ccc1O,2300.0
CHEMBL4217244,O=C(N/N=C/c1ccc(O)cc1)c1cc2ccccc2[nH]1,2300.0
CHEMBL4476335,O=C(N/N=C/c1ccccc1O)c1cc2ccccc2[nH]1,2300.0
CHEMBL4533183,COc1ccc(/C=N/NC(=O)c2cc3ccccc3[nH]2)cc1O,2300.0
CHEMBL4438611,COc1ccc(O)c(/C=N/NC(=O)c2cc3ccccc3[nH]2)c1,2300.0
CHEMBL4533603,COc1ccc(/C=N/NC(=O)c2cc3ccccc3[nH]2)c(I)c1O,2300.0
CHEMBL4437179,O=C(N/N=C/c1ccc(Br)c(F)c1)c1cc2ccccc2[nH]1,2300.0
CHEMBL4515560,O=C(N/N=C/c1ccc(Cl)cc1)c1cc2ccccc2[nH]1,2300.0
CHEMBL200715,Oc1cc(O)c2c(c1)O[C@@H](c1ccc(O)c(O)c1)[C@H](O)C2,53800.0
CHEMBL404271,C[C@H]1O[C@H](O[C@@H]2[C@@H](CO)O[C@H](O[C@@H]3[C@@H](CO)OC(O)[C@H](O)[C@H]3O)[C@H](O)[C@H]2O)[C@H](O)[C@@H](O)[C@@H]1N[C@H]1C=C(CO)[C@@H](O)[C@H](O)[C@H]1O,80000.0
CHEMBL261706,COc1cc2oc3cc(O)c(OC)c(CC=C(C)C)c3c(=O)c2c(O)c1CC=C(C)C,22600.0
CHEMBL561643,COc1c(O)cc2oc3cc4c(c(O)c3c(=O)c2c1CC=C(C)C)C=CC(C)(C)O4,11400.0
CHEMBL4451474,COc1c(O)cc2oc3cc(O)c(C/C=C(\C)CO)c(O)c3c(=O)c2c1C/C=C(\C)CCC=C(C)C,28700.0
CHEMBL458845,COc1c(O)cc2oc3cc(O)c(CC=C(C)C)c(O)c3c(=O)c2c1C/C=C(\C)CCC=C(C)C,37400.0
CHEMBL4561697,CC(C)=CCC/C(C)=C/CC/C(C)=C/Cc1c(O)c(O)cc2oc3cc(O)cc(O)c3c(=O)c12,76200.0
CHEMBL4564699,CC(C)=CCC/C(C)=C/CC/C(C)=C/CCC(C)(O)CCc1c(O)c(O)cc2oc3cc(O)cc(O)c3c(=O)c12,15400.0
CHEMBL4580552,CC(C)=CCC/C(C)=C/CCC(C)(O)CCc1c(O)c(O)cc2oc3cc(O)cc(O)c3c(=O)c12,25400.0
CHEMBL4476702,Clc1ccc(-c2nnc(/N=C/c3ccc(Cl)cc3Cl)s2)cc1,4700.0
CHEMBL4543696,O=c1ccc2ccc(Oc3cc4ccc(O)c(-c5c(OC6O[C@H](CO)[C@@H](O)[C@H](O)[C@H]6O)ccc6ccc(=O)oc56)c4oc3=O)cc2o1,780.0
CHEMBL4555601,O=c1ccc2ccc(O)c(-c3c(OC4O[C@H](CO)[C@@H](O)[C@H](O)[C@H]4O)ccc4ccc(=O)oc34)c2o1,760.0
CHEMBL4462061,COc1cc2cc(Oc3cc(O[C@@H]4O[C@H](CO)[C@@H](O)[C@H](O)[C@H]4O[C@@H]4O[C@H](CO)[C@@H](O)[C@H](O)[C@H]4O)c4ccc(=O)oc4c3)c(=O)oc2cc1O,231.0
CHEMBL4576254,C=C(C)C(COc1c2ccoc2cc2oc(=O)ccc12)OC(C)(C)C(O)COc1c2occc2c(OC)c2ccc(=O)oc12,8800.0
CHEMBL4537425,C=C(C)C(COc1c2occc2c(OC)c2ccc(=O)oc12)OC(C)(C)[C@H](O)COc1c2ccoc2cc2oc(=O)ccc12,8800.0
CHEMBL4464398,C=C(C)C(COc1c2occc2cc2ccc(=O)oc12)OC(C)(C)[C@H](O)COc1c2ccoc2cc2oc(=O)ccc12,8800.0
CHEMBL4463785,COc1ccccc1N1C(=O)/C(=C/c2ccc(F)cc2)S/C1=N\NC(=O)c1cc2ccccc2oc1=O,90.0
CHEMBL4127059,Cc1ccc(N2C(=O)/C(=C/c3ccc(F)cc3)S/C2=N\NC(=O)c2cc3ccccc3oc2=O)cc1,110.0
CHEMBL4465339,COc1ccc(-c2ccc(O[C@H](C)Cn3cc(-c4ccc(C(F)(F)F)cc4)nn3)c(OC)c2)cc1,14200.0
CHEMBL4458477,CSCC[C@H](NC(=O)[C@H](CC(C)C)NC(=O)[C@H](CO)NC(=O)[C@@H]1CCCN1C(=O)[C@@H](NC(=O)[C@@H](N)CCCNC(=N)N)C(C)C)C(=O)O,23070.0
CHEMBL276618,Cc1cc(=O)oc2c(O)c(O)ccc12,52000.0
CHEMBL4446840,COc1ccc2c(=O)c3c(O)cc(OCc4cn(CC(=O)Nc5ccc(OC)c(OC)c5)nn4)cc3oc2c1,15900.0
CHEMBL4444626,COc1ccc2oc3cc(OCc4cn(CC(=O)Nc5ccc(OC)c(OC)c5)nn4)cc(O)c3c(=O)c2c1,100000.0
CHEMBL4580943,COc1ccc(NC(=O)Cn2cc(COc3cc(O)c4c(=O)c5ccc(Br)cc5oc4c3)nn2)cc1OC,11820.0
CHEMBL4456031,COc1ccc(NC(=O)Cn2cc(COc3cc(O)c4c(=O)c5cc(Br)ccc5oc4c3)nn2)cc1OC,29840.0
CHEMBL4529174,COc1ccc(NC(=O)Cn2cc(COc3cc(O)c4c(=O)c5ccc(OC)cc5oc4c3)nn2)c(OC)c1,2060.0
CHEMBL4519790,COc1ccc(NC(=O)Cn2cc(COc3cc(O)c4c(=O)c5cc(OC)ccc5oc4c3)nn2)c(OC)c1,8310.0
CHEMBL4435225,COc1ccc(NC(=O)Cn2cc(COc3cc(O)c4c(=O)c5ccc(Br)cc5oc4c3)nn2)c(OC)c1,2780.0
CHEMBL4466757,COc1ccc(NC(=O)Cn2cc(COc3cc(O)c4c(=O)c5cc(Br)ccc5oc4c3)nn2)c(OC)c1,3070.0
CHEMBL4439490,O=C(Cn1cc(COc2cc(O)c3c(=O)c4ccc(O)cc4oc3c2)nn1)Nc1ccc(O)c(O)c1,6130.0
CHEMBL4474751,O=C(Cn1cc(COc2cc(O)c3c(=O)c4cc(O)ccc4oc3c2)nn1)Nc1ccc(O)c(O)c1,7060.0
CHEMBL4472998,O=C(Cn1cc(COc2cc(O)c3c(=O)c4ccc(Br)cc4oc3c2)nn1)Nc1ccc(O)c(O)c1,5230.0
CHEMBL4580728,O=C(Cn1cc(COc2cc(O)c3c(=O)c4cc(Br)ccc4oc3c2)nn1)Nc1ccc(O)c(O)c1,3170.0
CHEMBL4560628,O=C(Cn1cc(COc2cc(O)c3c(=O)c4ccc(O)cc4oc3c2)nn1)Nc1ccc(O)cc1O,17610.0
CHEMBL4538081,O=C(Cn1cc(COc2cc(O)c3c(=O)c4cc(O)ccc4oc3c2)nn1)Nc1ccc(O)cc1O,15620.0
CHEMBL4567979,O=C(Cn1cc(COc2cc(O)c3c(=O)c4ccc(Br)cc4oc3c2)nn1)Nc1ccc(O)cc1O,5870.0
CHEMBL4526900,,5880.0
CHEMBL4453842,COc1ccc2c(=O)c3c(OC(C)=O)cc(OCc4cn(CC(=O)Nc5ccc(OC)c(OC)c5)nn4)cc3oc2c1,98630.0
CHEMBL4455066,COc1ccc2oc3cc(OCc4cn(CC(=O)Nc5ccc(OC)c(OC)c5)nn4)cc(OC(C)=O)c3c(=O)c2c1,100000.0
CHEMBL4476560,COc1ccc(NC(=O)Cn2cc(COc3cc(OC(C)=O)c4c(=O)c5ccc(Br)cc5oc4c3)nn2)cc1OC,26110.0
CHEMBL4561766,COc1ccc(NC(=O)Cn2cc(COc3cc(OC(C)=O)c4c(=O)c5cc(Br)ccc5oc4c3)nn2)cc1OC,32330.0
CHEMBL4454919,COc1ccc(NC(=O)Cn2cc(COc3cc(OC(C)=O)c4c(=O)c5ccc(OC)cc5oc4c3)nn2)c(OC)c1,33160.0
CHEMBL4529524,COc1ccc(NC(=O)Cn2cc(COc3cc(OC(C)=O)c4c(=O)c5cc(OC)ccc5oc4c3)nn2)c(OC)c1,42600.0
CHEMBL4515488,COc1ccc(NC(=O)Cn2cc(COc3cc(OC(C)=O)c4c(=O)c5ccc(Br)cc5oc4c3)nn2)c(OC)c1,12780.0
CHEMBL4471224,COc1ccc(NC(=O)Cn2cc(COc3cc(OC(C)=O)c4c(=O)c5cc(Br)ccc5oc4c3)nn2)c(OC)c1,12130.0
CHEMBL404271,C[C@H]1O[C@H](O[C@@H]2[C@@H](CO)O[C@H](O[C@@H]3[C@@H](CO)OC(O)[C@H](O)[C@H]3O)[C@H](O)[C@H]2O)[C@H](O)[C@@H](O)[C@@H]1N[C@H]1C=C(CO)[C@@H](O)[C@H](O)[C@H]1O,817380.0
CHEMBL4453256,COc1ccc(-c2csc(NC(=O)CSc3nnc(-c4ccc(Br)cc4)c(-c4ccc(Br)cc4)n3)n2)cc1,2850.0
CHEMBL4446986,Cc1cc2nnn(C(=O)c3ccccc3)c2cc1C,3400.0
CHEMBL4469294,O=C(c1cccc(Cl)c1)n1nnc2cc(Cl)c(Cl)cc21,3000.0
CHEMBL4573584,Cc1ccc(C(=O)n2nnc3cc(Cl)c(Cl)cc32)cc1C,3820.0
CHEMBL4440745,O=C(c1ccccc1)n1nnc2cc(Cl)c(Cl)cc21,3700.0
CHEMBL4451810,O=C(c1ccc(F)cc1)n1nnc2ccccc21,2820.0
CHEMBL4532649,O=C(c1ccc(F)c(F)c1Cl)n1nnc2ccccc21,5630.0
CHEMBL4533056,O=C(c1c(F)cccc1F)n1nnc2ccccc21,5230.0
CHEMBL4217303,O=C(c1ccc(Br)cc1)n1nnc2ccccc21,3200.0
CHEMBL1288788,COc1ccc(C(=O)n2nnc3ccccc32)cc1,2990.0
CHEMBL1253491,COc1ccccc1C(=O)n1nnc2ccccc21,4790.0
CHEMBL4462641,Cc1cccc(C(=O)n2nnc3ccccc32)c1,4420.0
CHEMBL4443784,Cc1ccc(C(=O)n2nnc3ccccc32)cc1C,4800.0
CHEMBL4573221,Cc1cc(C(=O)n2nnc3ccccc32)cc(C)c1C,4230.0
CHEMBL4515499,O=C(c1ccc([N+](=O)[O-])cc1)n1nnc2ccccc21,2970.0
CHEMBL4549620,Cc1cc(C(=O)n2nnc3ccccc32)ccc1[N+](=O)[O-],4100.0
CHEMBL4437073,Nc1cc(C(=O)n2nnc3ccccc32)ccc1Cl,4320.0
CHEMBL4466646,CCCCOc1ccc(C(=O)n2nnc3ccccc32)cc1,5600.0
CHEMBL1288725,O=C(c1ccccc1)n1nnc2ccccc21,5290.0
CHEMBL203543,O=C(Cn1nnc2ccccc21)c1ccc(Cl)cc1,2500.0
CHEMBL4567315,O=C(Cn1nnc2ccccc21)c1ccc(Cl)c(Cl)c1,3900.0
CHEMBL4516633,O=C(Cn1nnc2ccccc21)c1cccc(Cl)c1Cl,3470.0
CHEMBL1450675,O=C(Cn1nnc2ccccc21)c1ccc(Br)cc1,2790.0
CHEMBL4585914,O=C(Cn1nnc2ccccc21)c1cccc(Br)c1,2790.0
CHEMBL4449860,O=C(Cn1nnc2ccccc21)c1ccccc1O,4870.0
CHEMBL1429088,O=C(Cn1nnc2ccccc21)c1cccc([N+](=O)[O-])c1,4000.0
CHEMBL4561169,COc1ccc(C(=O)Cn2nnc3ccccc32)cc1,4500.0
CHEMBL1409618,Cc1ccc(C(=O)Cn2nnc3ccccc32)cc1,4780.0
CHEMBL1438482,O=C(Cn1nnc2ccccc21)c1ccccc1,4910.0
CHEMBL4515373,O=C(Cn1nnc2ccccc21)c1ccc(-c2ccccc2)cc1,4980.0
CHEMBL4449615,Cc1cc2nnn(CC(=O)c3ccc(Cl)cc3)c2cc1C,2210.0
CHEMBL4472850,Cc1cc2nnn(CC(=O)c3ccc(Cl)c(Cl)c3)c2cc1C,2040.0
CHEMBL4577650,Cc1cc2nnn(CC(=O)c3ccccc3O)c2cc1C,3300.0
CHEMBL4443687,Cc1cc2nnn(CC(=O)c3ccccc3)c2cc1C,3410.0
CHEMBL4566389,COc1ccc(C(=O)Cn2nnc3cc(C)c(C)cc32)cc1,2600.0
CHEMBL404271,C[C@H]1O[C@H](O[C@@H]2[C@@H](CO)O[C@H](O[C@@H]3[C@@H](CO)OC(O)[C@H](O)[C@H]3O)[C@H](O)[C@H]2O)[C@H](O)[C@@H](O)[C@@H]1N[C@H]1C=C(CO)[C@@H](O)[C@H](O)[C@H]1O,2000.0
CHEMBL4446986,Cc1cc2nnn(C(=O)c3ccccc3)c2cc1C,602.2
CHEMBL4469294,O=C(c1cccc(Cl)c1)n1nnc2cc(Cl)c(Cl)cc21,620.3
CHEMBL4573584,Cc1ccc(C(=O)n2nnc3cc(Cl)c(Cl)cc32)cc1C,620.2
CHEMBL4217303,O=C(c1ccc(Br)cc1)n1nnc2ccccc21,612.5
CHEMBL4573221,Cc1cc(C(=O)n2nnc3ccccc32)cc(C)c1C,612.5
CHEMBL4466646,CCCCOc1ccc(C(=O)n2nnc3ccccc32)cc1,620.8
CHEMBL4449860,O=C(Cn1nnc2ccccc21)c1ccccc1O,601.2
CHEMBL1429088,O=C(Cn1nnc2ccccc21)c1cccc([N+](=O)[O-])c1,618.4
CHEMBL4566389,COc1ccc(C(=O)Cn2nnc3cc(C)c(C)cc32)cc1,620.1
CHEMBL4446986,Cc1cc2nnn(C(=O)c3ccccc3)c2cc1C,200000.0
CHEMBL4469294,O=C(c1cccc(Cl)c1)n1nnc2cc(Cl)c(Cl)cc21,250000.0
CHEMBL4573584,Cc1ccc(C(=O)n2nnc3cc(Cl)c(Cl)cc32)cc1C,240000.0
CHEMBL4217303,O=C(c1ccc(Br)cc1)n1nnc2ccccc21,200000.0
CHEMBL4573221,Cc1cc(C(=O)n2nnc3ccccc32)cc(C)c1C,200000.0
CHEMBL4466646,CCCCOc1ccc(C(=O)n2nnc3ccccc32)cc1,240000.0
CHEMBL4449860,O=C(Cn1nnc2ccccc21)c1ccccc1O,250000.0
CHEMBL1429088,O=C(Cn1nnc2ccccc21)c1cccc([N+](=O)[O-])c1,260000.0
CHEMBL4566389,COc1ccc(C(=O)Cn2nnc3cc(C)c(C)cc32)cc1,210000.0
